id,source_tab,rule_type,enabled,category,severity,detection_type,auto_detectable,keyword,pattern,recommended_word,morphological_setting,check_item,basic_comment_preview,message,explanation,examples,admin_memo,source_file,source_url,source_from,source_page,source_row,default_enabled_in_bunken,screenshot_enabled,implementation_note,extraction_note
1,ルール推敲,dictionary,True,ひらがなで書くほうがよい言葉,notice,exact,True,繋ご,繋ご,つなご,OFF,繋ご → つなご,「つなご」とひらがなで書くほうがよいかもしれません。,「つなご」とひらがなで書くほうがよいかもしれません。,漢字表記よりも、ひらがな表記のほうが読みやすい可能性があります。読み手や文脈に合わせて、ひらがなに開くことを検討してください。,,,FireShot Capture 033相当 / ルール推敲 1/4ページ,,FireShot Capture 033相当 / ルール推敲 1/4ページ,1,1,,,既存辞書ルール。keywordを文字列一致または安全にエスケープした正規表現として検出する。,キャプチャ画面から読み取り。補足欄・管理メモ欄は画面上で全文確認できない箇所があるため、基本コメントを中心に整理。
2,ルール推敲,dictionary,True,ひらがなで書くほうがよい言葉,notice,exact,True,繋げ,繋げ,つなげ,OFF,繋げ → つなげ,「つなげ」とひらがなで書くほうがよいかもしれません。,「つなげ」とひらがなで書くほうがよいかもしれません。,漢字表記よりも、ひらがな表記のほうが読みやすい可能性があります。読み手や文脈に合わせて、ひらがなに開くことを検討してください。,,,FireShot Capture 033相当 / ルール推敲 1/4ページ,,FireShot Capture 033相当 / ルール推敲 1/4ページ,1,2,,,既存辞書ルール。keywordを文字列一致または安全にエスケープした正規表現として検出する。,キャプチャ画面から読み取り。補足欄・管理メモ欄は画面上で全文確認できない箇所があるため、基本コメントを中心に整理。
3,ルール推敲,dictionary,True,ひらがなで書くほうがよい言葉,notice,exact,True,繋ぐ,繋ぐ,つなぐ,OFF,繋ぐ → つなぐ,「つなぐ」とひらがなで書くほうがよいかもしれません。,「つなぐ」とひらがなで書くほうがよいかもしれません。,漢字表記よりも、ひらがな表記のほうが読みやすい可能性があります。読み手や文脈に合わせて、ひらがなに開くことを検討してください。,,,FireShot Capture 033相当 / ルール推敲 1/4ページ,,FireShot Capture 033相当 / ルール推敲 1/4ページ,1,3,,,既存辞書ルール。keywordを文字列一致または安全にエスケープした正規表現として検出する。,キャプチャ画面から読み取り。補足欄・管理メモ欄は画面上で全文確認できない箇所があるため、基本コメントを中心に整理。
4,ルール推敲,dictionary,True,ひらがなで書くほうがよい言葉,notice,exact,True,繋ぎ,繋ぎ,つなぎ,OFF,繋ぎ → つなぎ,「つなぎ」とひらがなで書くほうがよいかもしれません。,「つなぎ」とひらがなで書くほうがよいかもしれません。,漢字表記よりも、ひらがな表記のほうが読みやすい可能性があります。読み手や文脈に合わせて、ひらがなに開くことを検討してください。,,,FireShot Capture 033相当 / ルール推敲 1/4ページ,,FireShot Capture 033相当 / ルール推敲 1/4ページ,1,4,,,既存辞書ルール。keywordを文字列一致または安全にエスケープした正規表現として検出する。,キャプチャ画面から読み取り。補足欄・管理メモ欄は画面上で全文確認できない箇所があるため、基本コメントを中心に整理。
5,ルール推敲,dictionary,True,ひらがなで書くほうがよい言葉,notice,exact,True,繋が,繋が,つなが,OFF,繋が → つなが,「つなが」とひらがなで書くほうがよいかもしれません。,「つなが」とひらがなで書くほうがよいかもしれません。,漢字表記よりも、ひらがな表記のほうが読みやすい可能性があります。読み手や文脈に合わせて、ひらがなに開くことを検討してください。,,,FireShot Capture 033相当 / ルール推敲 1/4ページ,,FireShot Capture 033相当 / ルール推敲 1/4ページ,1,5,,,既存辞書ルール。keywordを文字列一致または安全にエスケープした正規表現として検出する。,キャプチャ画面から読み取り。補足欄・管理メモ欄は画面上で全文確認できない箇所があるため、基本コメントを中心に整理。
6,ルール推敲,dictionary,True,フリールール,notice,exact,True,ホームページ,ホームページ,サイト,OFF,ホームページ → サイト,サイト,サイト,独自ルールとして、推奨ワードへの置き換えを検討してください。,,,FireShot Capture 033相当 / ルール推敲 1/4ページ,,FireShot Capture 033相当 / ルール推敲 1/4ページ,1,6,,,既存辞書ルール。keywordを文字列一致または安全にエスケープした正規表現として検出する。,キャプチャ画面から読み取り。補足欄・管理メモ欄は画面上で全文確認できない箇所があるため、基本コメントを中心に整理。
7,ルール推敲,dictionary,True,フリールール,notice,exact,True,ホームページアドレス,ホームページアドレス,URL,OFF,ホームページアドレス → URL,URL,URL,独自ルールとして、推奨ワードへの置き換えを検討してください。,,,FireShot Capture 033相当 / ルール推敲 1/4ページ,,FireShot Capture 033相当 / ルール推敲 1/4ページ,1,7,,,既存辞書ルール。keywordを文字列一致または安全にエスケープした正規表現として検出する。,キャプチャ画面から読み取り。補足欄・管理メモ欄は画面上で全文確認できない箇所があるため、基本コメントを中心に整理。
8,ルール推敲,dictionary,True,カタカナで書くほうがよい言葉,notice,exact,True,Email,Email,メールアドレス,OFF,Email → メールアドレス,「メールアドレス」とカタカナで書くほうがよいかもしれません。,「メールアドレス」とカタカナで書くほうがよいかもしれません。,表記を統一するため、推奨ワードへの置き換えを検討してください。,,,FireShot Capture 033相当 / ルール推敲 1/4ページ,,FireShot Capture 033相当 / ルール推敲 1/4ページ,1,8,,,既存辞書ルール。keywordを文字列一致または安全にエスケープした正規表現として検出する。,キャプチャ画面から読み取り。補足欄・管理メモ欄は画面上で全文確認できない箇所があるため、基本コメントを中心に整理。
9,ルール推敲,dictionary,True,カタカナで書くほうがよい言葉,notice,exact,True,Eメール,Eメール,メールアドレス,OFF,Eメール → メールアドレス,「メールアドレス」とカタカナで書くほうがよいかもしれません。,「メールアドレス」とカタカナで書くほうがよいかもしれません。,表記を統一するため、推奨ワードへの置き換えを検討してください。,,,FireShot Capture 033相当 / ルール推敲 1/4ページ,,FireShot Capture 033相当 / ルール推敲 1/4ページ,1,9,,,既存辞書ルール。keywordを文字列一致または安全にエスケープした正規表現として検出する。,キャプチャ画面から読み取り。補足欄・管理メモ欄は画面上で全文確認できない箇所があるため、基本コメントを中心に整理。
10,ルール推敲,dictionary,True,カタカナで書くほうがよい言葉,notice,exact,True,断トツ,断トツ,ダントツ,OFF,断トツ → ダントツ,「ダントツ」とカタカナで書くほうがよいかもしれません。,「ダントツ」とカタカナで書くほうがよいかもしれません。,表記を統一するため、推奨ワードへの置き換えを検討してください。,,,FireShot Capture 033相当 / ルール推敲 1/4ページ,,FireShot Capture 033相当 / ルール推敲 1/4ページ,1,10,,,既存辞書ルール。keywordを文字列一致または安全にエスケープした正規表現として検出する。,キャプチャ画面から読み取り。補足欄・管理メモ欄は画面上で全文確認できない箇所があるため、基本コメントを中心に整理。
11,ルール推敲,dictionary,True,フリールール,notice,exact,True,ガラケー,ガラケー,フィーチャーフォン,OFF,ガラケー → フィーチャーフォン,フィーチャーフォン,フィーチャーフォン,独自ルールとして、推奨ワードへの置き換えを検討してください。,,,FireShot Capture 033相当 / ルール推敲 1/4ページ,,FireShot Capture 033相当 / ルール推敲 1/4ページ,1,11,,,既存辞書ルール。keywordを文字列一致または安全にエスケープした正規表現として検出する。,キャプチャ画面から読み取り。補足欄・管理メモ欄は画面上で全文確認できない箇所があるため、基本コメントを中心に整理。
12,ルール推敲,dictionary,True,フリールール,notice,exact,True,パソコン,パソコン,PC,OFF,パソコン → PC,PC,PC,独自ルールとして、推奨ワードへの置き換えを検討してください。,,,FireShot Capture 033相当 / ルール推敲 1/4ページ,,FireShot Capture 033相当 / ルール推敲 1/4ページ,1,12,,,既存辞書ルール。keywordを文字列一致または安全にエスケープした正規表現として検出する。,キャプチャ画面から読み取り。補足欄・管理メモ欄は画面上で全文確認できない箇所があるため、基本コメントを中心に整理。
13,ルール推敲,dictionary,True,フリールール,notice,exact,True,メインテナンス,メインテナンス,メンテナンス,OFF,メインテナンス → メンテナンス,メンテナンス,メンテナンス,独自ルールとして、推奨ワードへの置き換えを検討してください。,,,FireShot Capture 033相当 / ルール推敲 1/4ページ,,FireShot Capture 033相当 / ルール推敲 1/4ページ,1,13,,,既存辞書ルール。keywordを文字列一致または安全にエスケープした正規表現として検出する。,キャプチャ画面から読み取り。補足欄・管理メモ欄は画面上で全文確認できない箇所があるため、基本コメントを中心に整理。
14,ルール推敲,dictionary,True,フリールール,notice,exact,True,ウィンドウ,ウィンドウ,ウインドウ,OFF,ウィンドウ → ウインドウ,ウインドウ,ウインドウ,独自ルールとして、推奨ワードへの置き換えを検討してください。,,,FireShot Capture 033相当 / ルール推敲 1/4ページ,,FireShot Capture 033相当 / ルール推敲 1/4ページ,1,14,,,既存辞書ルール。keywordを文字列一致または安全にエスケープした正規表現として検出する。,キャプチャ画面から読み取り。補足欄・管理メモ欄は画面上で全文確認できない箇所があるため、基本コメントを中心に整理。
15,ルール推敲,dictionary,True,フリールール,notice,exact,True,楽,楽,ラク,OFF,楽 → ラク,ラク,ラク,独自ルールとして、推奨ワードへの置き換えを検討してください。,,,FireShot Capture 033相当 / ルール推敲 1/4ページ,,FireShot Capture 033相当 / ルール推敲 1/4ページ,1,15,,,既存辞書ルール。keywordを文字列一致または安全にエスケープした正規表現として検出する。,キャプチャ画面から読み取り。補足欄・管理メモ欄は画面上で全文確認できない箇所があるため、基本コメントを中心に整理。
16,ルール推敲,dictionary,True,フリールール,notice,exact,True,宛,宛,宛て,OFF,宛 → 宛て,宛て,宛て,独自ルールとして、推奨ワードへの置き換えを検討してください。,,,FireShot Capture 033相当 / ルール推敲 1/4ページ,,FireShot Capture 033相当 / ルール推敲 1/4ページ,1,16,,,既存辞書ルール。keywordを文字列一致または安全にエスケープした正規表現として検出する。,キャプチャ画面から読み取り。補足欄・管理メモ欄は画面上で全文確認できない箇所があるため、基本コメントを中心に整理。
17,ルール推敲,dictionary,True,フリールール,notice,exact,True,わたしたち,わたしたち,私たち,OFF,わたしたち → 私たち,私たち,私たち,独自ルールとして、推奨ワードへの置き換えを検討してください。,,,FireShot Capture 033相当 / ルール推敲 1/4ページ,,FireShot Capture 033相当 / ルール推敲 1/4ページ,1,17,,,既存辞書ルール。keywordを文字列一致または安全にエスケープした正規表現として検出する。,キャプチャ画面から読み取り。補足欄・管理メモ欄は画面上で全文確認できない箇所があるため、基本コメントを中心に整理。
18,ルール推敲,dictionary,True,フリールール,notice,exact,True,充分,充分,十分,OFF,充分 → 十分,十分,十分,独自ルールとして、推奨ワードへの置き換えを検討してください。,,,FireShot Capture 033相当 / ルール推敲 1/4ページ,,FireShot Capture 033相当 / ルール推敲 1/4ページ,1,18,,,既存辞書ルール。keywordを文字列一致または安全にエスケープした正規表現として検出する。,キャプチャ画面から読み取り。補足欄・管理メモ欄は画面上で全文確認できない箇所があるため、基本コメントを中心に整理。
19,ルール推敲,dictionary,True,漢字で書くほうがよい言葉,notice,exact,True,がんばる,がんばる,頑張る,OFF,がんばる → 頑張る,「頑張る」と漢字で書くほうがよいかもしれません。,「頑張る」と漢字で書くほうがよいかもしれません。,表記を統一するため、推奨ワードへの置き換えを検討してください。,,,FireShot Capture 033相当 / ルール推敲 1/4ページ,,FireShot Capture 033相当 / ルール推敲 1/4ページ,1,19,,,既存辞書ルール。keywordを文字列一致または安全にエスケープした正規表現として検出する。,キャプチャ画面から読み取り。補足欄・管理メモ欄は画面上で全文確認できない箇所があるため、基本コメントを中心に整理。
20,ルール推敲,dictionary,True,フリールール,notice,exact,True,引越,引越,引っ越し,OFF,引越 → 引っ越し,引っ越し,引っ越し,独自ルールとして、推奨ワードへの置き換えを検討してください。,,,FireShot Capture 033相当 / ルール推敲 1/4ページ,,FireShot Capture 033相当 / ルール推敲 1/4ページ,1,20,,,既存辞書ルール。keywordを文字列一致または安全にエスケープした正規表現として検出する。,キャプチャ画面から読み取り。補足欄・管理メモ欄は画面上で全文確認できない箇所があるため、基本コメントを中心に整理。
21,ルール推敲,dictionary,True,フリールール,notice,exact,True,引越し,引越し,引っ越し,OFF,引越し → 引っ越し,引っ越し,引っ越し,独自ルールとして、推奨ワードへの置き換えを検討してください。,,,FireShot Capture 033相当 / ルール推敲 1/4ページ,,FireShot Capture 033相当 / ルール推敲 1/4ページ,1,21,,,既存辞書ルール。keywordを文字列一致または安全にエスケープした正規表現として検出する。,キャプチャ画面から読み取り。補足欄・管理メモ欄は画面上で全文確認できない箇所があるため、基本コメントを中心に整理。
22,ルール推敲,dictionary,True,フリールール,notice,exact,True,乗換,乗換,乗り換え,OFF,乗換 → 乗り換え,乗り換え,乗り換え,独自ルールとして、推奨ワードへの置き換えを検討してください。,,,FireShot Capture 033相当 / ルール推敲 1/4ページ,,FireShot Capture 033相当 / ルール推敲 1/4ページ,1,22,,,既存辞書ルール。keywordを文字列一致または安全にエスケープした正規表現として検出する。,キャプチャ画面から読み取り。補足欄・管理メモ欄は画面上で全文確認できない箇所があるため、基本コメントを中心に整理。
23,ルール推敲,dictionary,True,フリールール,notice,exact,True,乗換え,乗換え,乗り換え,OFF,乗換え → 乗り換え,乗り換え,乗り換え,独自ルールとして、推奨ワードへの置き換えを検討してください。,,,FireShot Capture 033相当 / ルール推敲 1/4ページ,,FireShot Capture 033相当 / ルール推敲 1/4ページ,1,23,,,既存辞書ルール。keywordを文字列一致または安全にエスケープした正規表現として検出する。,キャプチャ画面から読み取り。補足欄・管理メモ欄は画面上で全文確認できない箇所があるため、基本コメントを中心に整理。
24,ルール推敲,dictionary,True,フリールール,notice,exact,True,税別,税別,税抜,OFF,税別 → 税抜,税抜,税抜,独自ルールとして、推奨ワードへの置き換えを検討してください。,,,FireShot Capture 033相当 / ルール推敲 1/4ページ,,FireShot Capture 033相当 / ルール推敲 1/4ページ,1,24,,,既存辞書ルール。keywordを文字列一致または安全にエスケープした正規表現として検出する。,キャプチャ画面から読み取り。補足欄・管理メモ欄は画面上で全文確認できない箇所があるため、基本コメントを中心に整理。
25,ルール推敲,dictionary,True,フリールール,notice,exact,True,税抜き,税抜き,税抜,OFF,税抜き → 税抜,税抜,税抜,独自ルールとして、推奨ワードへの置き換えを検討してください。,,,FireShot Capture 033相当 / ルール推敲 1/4ページ,,FireShot Capture 033相当 / ルール推敲 1/4ページ,1,25,,,既存辞書ルール。keywordを文字列一致または安全にエスケープした正規表現として検出する。,キャプチャ画面から読み取り。補足欄・管理メモ欄は画面上で全文確認できない箇所があるため、基本コメントを中心に整理。
26,ルール推敲,dictionary,True,漢字で書くほうがよい言葉,notice,exact,True,くわしい,くわしい,詳しい,OFF,くわしい → 詳しい,「詳しい」と漢字で書くほうがよいかもしれません。,「詳しい」と漢字で書くほうがよいかもしれません。,表記を統一するため、推奨ワードへの置き換えを検討してください。,,,FireShot Capture 033相当 / ルール推敲 1/4ページ,,FireShot Capture 033相当 / ルール推敲 1/4ページ,1,26,,,既存辞書ルール。keywordを文字列一致または安全にエスケープした正規表現として検出する。,キャプチャ画面から読み取り。補足欄・管理メモ欄は画面上で全文確認できない箇所があるため、基本コメントを中心に整理。
27,ルール推敲,dictionary,True,漢字で書くほうがよい言葉,notice,exact,True,うけたまわる,うけたまわる,承る,OFF,うけたまわる → 承る,「承る」と漢字で書くほうがよいかもしれません。,「承る」と漢字で書くほうがよいかもしれません。,表記を統一するため、推奨ワードへの置き換えを検討してください。,,,FireShot Capture 033相当 / ルール推敲 1/4ページ,,FireShot Capture 033相当 / ルール推敲 1/4ページ,1,27,,,既存辞書ルール。keywordを文字列一致または安全にエスケープした正規表現として検出する。,キャプチャ画面から読み取り。補足欄・管理メモ欄は画面上で全文確認できない箇所があるため、基本コメントを中心に整理。
28,ルール推敲,dictionary,True,漢字で書くほうがよい言葉,notice,exact,True,売り上げ,売り上げ,売上,OFF,売り上げ → 売上,「売上」と漢字で書くほうがよいかもしれません。,「売上」と漢字で書くほうがよいかもしれません。,表記を統一するため、推奨ワードへの置き換えを検討してください。,,,FireShot Capture 033相当 / ルール推敲 1/4ページ,,FireShot Capture 033相当 / ルール推敲 1/4ページ,1,28,,,既存辞書ルール。keywordを文字列一致または安全にエスケープした正規表現として検出する。,キャプチャ画面から読み取り。補足欄・管理メモ欄は画面上で全文確認できない箇所があるため、基本コメントを中心に整理。
29,ルール推敲,dictionary,True,カタカナで書くほうがよい言葉,notice,exact,True,押す,押す,クリック,OFF,押す → クリック,「クリック」とカタカナで書くほうがよいかもしれません。,「クリック」とカタカナで書くほうがよいかもしれません。,表記を統一するため、推奨ワードへの置き換えを検討してください。,,,FireShot Capture 033相当 / ルール推敲 1/4ページ,,FireShot Capture 033相当 / ルール推敲 1/4ページ,1,29,,,既存辞書ルール。keywordを文字列一致または安全にエスケープした正規表現として検出する。,キャプチャ画面から読み取り。補足欄・管理メモ欄は画面上で全文確認できない箇所があるため、基本コメントを中心に整理。
30,ルール推敲,dictionary,True,カタカナで書くほうがよい言葉,notice,exact,True,押下,押下,クリック,OFF,押下 → クリック,「クリック」とカタカナで書くほうがよいかもしれません。,「クリック」とカタカナで書くほうがよいかもしれません。,表記を統一するため、推奨ワードへの置き換えを検討してください。,,,FireShot Capture 033相当 / ルール推敲 1/4ページ,,FireShot Capture 033相当 / ルール推敲 1/4ページ,1,30,,,既存辞書ルール。keywordを文字列一致または安全にエスケープした正規表現として検出する。,キャプチャ画面から読み取り。補足欄・管理メモ欄は画面上で全文確認できない箇所があるため、基本コメントを中心に整理。
31,ルール推敲,dictionary,True,カタカナで書くほうがよい言葉,notice,exact,True,オーナー様,オーナー様,ショップ様,OFF,オーナー様 → ショップ様,「ショップ様」とカタカナで書くほうがよいかもしれません。,「ショップ様」とカタカナで書くほうがよいかもしれません。,表記を統一するため、推奨ワードへの置き換えを検討してください。,,,FireShot Capture 033相当 / ルール推敲 1/4ページ,,FireShot Capture 033相当 / ルール推敲 1/4ページ,1,31,,,既存辞書ルール。keywordを文字列一致または安全にエスケープした正規表現として検出する。,キャプチャ画面から読み取り。補足欄・管理メモ欄は画面上で全文確認できない箇所があるため、基本コメントを中心に整理。
32,ルール推敲,dictionary,True,カタカナで書くほうがよい言葉,notice,exact,True,管理者,管理者,ショップ様,OFF,管理者 → ショップ様,「ショップ様」とカタカナで書くほうがよいかもしれません。,「ショップ様」とカタカナで書くほうがよいかもしれません。,表記を統一するため、推奨ワードへの置き換えを検討してください。,,,FireShot Capture 033相当 / ルール推敲 1/4ページ,,FireShot Capture 033相当 / ルール推敲 1/4ページ,1,32,,,既存辞書ルール。keywordを文字列一致または安全にエスケープした正規表現として検出する。,キャプチャ画面から読み取り。補足欄・管理メモ欄は画面上で全文確認できない箇所があるため、基本コメントを中心に整理。
33,ルール推敲,dictionary,True,カタカナで書くほうがよい言葉,notice,exact,True,一から,一から,イチから,OFF,一から → イチから,「イチから」とカタカナで書くほうがよいかもしれません。,「イチから」とカタカナで書くほうがよいかもしれません。,表記を統一するため、推奨ワードへの置き換えを検討してください。,,,FireShot Capture 033相当 / ルール推敲 1/4ページ,,FireShot Capture 033相当 / ルール推敲 1/4ページ,1,33,,,既存辞書ルール。keywordを文字列一致または安全にエスケープした正規表現として検出する。,キャプチャ画面から読み取り。補足欄・管理メモ欄は画面上で全文確認できない箇所があるため、基本コメントを中心に整理。
34,ルール推敲,dictionary,True,カタカナで書くほうがよい言葉,notice,exact,True,EXCEL,EXCEL,エクセル,OFF,EXCEL → エクセル,「エクセル」とカタカナで書くほうがよいかもしれません。,「エクセル」とカタカナで書くほうがよいかもしれません。,表記を統一するため、推奨ワードへの置き換えを検討してください。,,,FireShot Capture 033相当 / ルール推敲 1/4ページ,,FireShot Capture 033相当 / ルール推敲 1/4ページ,1,34,,,既存辞書ルール。keywordを文字列一致または安全にエスケープした正規表現として検出する。,キャプチャ画面から読み取り。補足欄・管理メモ欄は画面上で全文確認できない箇所があるため、基本コメントを中心に整理。
35,ルール推敲,dictionary,True,ひらがなで書くほうがよい言葉,notice,exact,True,丁度,丁度,ちょうど,OFF,丁度 → ちょうど,「ちょうど」とひらがなで書くほうがよいかもしれません。,「ちょうど」とひらがなで書くほうがよいかもしれません。,漢字表記よりも、ひらがな表記のほうが読みやすい可能性があります。読み手や文脈に合わせて、ひらがなに開くことを検討してください。,,,FireShot Capture 033相当 / ルール推敲 1/4ページ,,FireShot Capture 033相当 / ルール推敲 1/4ページ,1,35,,,既存辞書ルール。keywordを文字列一致または安全にエスケープした正規表現として検出する。,キャプチャ画面から読み取り。補足欄・管理メモ欄は画面上で全文確認できない箇所があるため、基本コメントを中心に整理。
36,ルール推敲,dictionary,True,ひらがなで書くほうがよい言葉,notice,exact,True,騙す,騙す,だます,OFF,騙す → だます,「だます」とひらがなで書くほうがよいかもしれません。,「だます」とひらがなで書くほうがよいかもしれません。,漢字表記よりも、ひらがな表記のほうが読みやすい可能性があります。読み手や文脈に合わせて、ひらがなに開くことを検討してください。,,,FireShot Capture 033相当 / ルール推敲 1/4ページ,,FireShot Capture 033相当 / ルール推敲 1/4ページ,1,36,,,既存辞書ルール。keywordを文字列一致または安全にエスケープした正規表現として検出する。,キャプチャ画面から読み取り。補足欄・管理メモ欄は画面上で全文確認できない箇所があるため、基本コメントを中心に整理。
37,ルール推敲,dictionary,True,ひらがなで書くほうがよい言葉,notice,exact,True,時,時,とき,OFF,時 → とき,「とき」とひらがなで書くほうがよいかもしれません。,「とき」とひらがなで書くほうがよいかもしれません。,漢字表記よりも、ひらがな表記のほうが読みやすい可能性があります。読み手や文脈に合わせて、ひらがなに開くことを検討してください。,,,FireShot Capture 033相当 / ルール推敲 1/4ページ,,FireShot Capture 033相当 / ルール推敲 1/4ページ,1,37,,,既存辞書ルール。keywordを文字列一致または安全にエスケープした正規表現として検出する。,キャプチャ画面から読み取り。補足欄・管理メモ欄は画面上で全文確認できない箇所があるため、基本コメントを中心に整理。
38,ルール推敲,dictionary,True,ひらがなで書くほうがよい言葉,notice,exact,True,事,事,こと,OFF,事 → こと,「こと」とひらがなで書くほうがよいかもしれません。,「こと」とひらがなで書くほうがよいかもしれません。,漢字表記よりも、ひらがな表記のほうが読みやすい可能性があります。読み手や文脈に合わせて、ひらがなに開くことを検討してください。,,,FireShot Capture 033相当 / ルール推敲 1/4ページ,,FireShot Capture 033相当 / ルール推敲 1/4ページ,1,38,,,既存辞書ルール。keywordを文字列一致または安全にエスケープした正規表現として検出する。,キャプチャ画面から読み取り。補足欄・管理メモ欄は画面上で全文確認できない箇所があるため、基本コメントを中心に整理。
39,ルール推敲,dictionary,True,ひらがなで書くほうがよい言葉,notice,exact,True,等,等,など,OFF,等 → など,「など」とひらがなで書くほうがよいかもしれません。,「など」とひらがなで書くほうがよいかもしれません。,漢字表記よりも、ひらがな表記のほうが読みやすい可能性があります。読み手や文脈に合わせて、ひらがなに開くことを検討してください。,,,FireShot Capture 033相当 / ルール推敲 1/4ページ,,FireShot Capture 033相当 / ルール推敲 1/4ページ,1,39,,,既存辞書ルール。keywordを文字列一致または安全にエスケープした正規表現として検出する。,キャプチャ画面から読み取り。補足欄・管理メモ欄は画面上で全文確認できない箇所があるため、基本コメントを中心に整理。
40,ルール推敲,dictionary,True,ひらがなで書くほうがよい言葉,notice,exact,True,為,為,ため,OFF,為 → ため,「ため」とひらがなで書くほうがよいかもしれません。,「ため」とひらがなで書くほうがよいかもしれません。,漢字表記よりも、ひらがな表記のほうが読みやすい可能性があります。読み手や文脈に合わせて、ひらがなに開くことを検討してください。,,,FireShot Capture 033相当 / ルール推敲 1/4ページ,,FireShot Capture 033相当 / ルール推敲 1/4ページ,1,40,,,既存辞書ルール。keywordを文字列一致または安全にエスケープした正規表現として検出する。,キャプチャ画面から読み取り。補足欄・管理メモ欄は画面上で全文確認できない箇所があるため、基本コメントを中心に整理。
41,ルール推敲,dictionary,True,ひらがなで書くほうがよい言葉,notice,exact,True,尚,尚,なお,OFF,尚 → なお,「なお」とひらがなで書くほうがよいかもしれません。,「なお」とひらがなで書くほうがよいかもしれません。,漢字表記よりも、ひらがな表記のほうが読みやすい可能性があります。読み手や文脈に合わせて、ひらがなに開くことを検討してください。,,,FireShot Capture 033相当 / ルール推敲 1/4ページ,,FireShot Capture 033相当 / ルール推敲 1/4ページ,1,41,,,既存辞書ルール。keywordを文字列一致または安全にエスケープした正規表現として検出する。,キャプチャ画面から読み取り。補足欄・管理メモ欄は画面上で全文確認できない箇所があるため、基本コメントを中心に整理。
42,ルール推敲,dictionary,True,ひらがなで書くほうがよい言葉,notice,exact,True,し易い,し易い,しやすい,OFF,し易い → しやすい,「しやすい」とひらがなで書くほうがよいかもしれません。,「しやすい」とひらがなで書くほうがよいかもしれません。,漢字表記よりも、ひらがな表記のほうが読みやすい可能性があります。読み手や文脈に合わせて、ひらがなに開くことを検討してください。,,,FireShot Capture 033相当 / ルール推敲 1/4ページ,,FireShot Capture 033相当 / ルール推敲 1/4ページ,1,42,,,既存辞書ルール。keywordを文字列一致または安全にエスケープした正規表現として検出する。,キャプチャ画面から読み取り。補足欄・管理メモ欄は画面上で全文確認できない箇所があるため、基本コメントを中心に整理。
43,ルール推敲,dictionary,True,ひらがなで書くほうがよい言葉,notice,exact,True,の所,の所,のところ,OFF,の所 → のところ,「のところ」とひらがなで書くほうがよいかもしれません。,「のところ」とひらがなで書くほうがよいかもしれません。,漢字表記よりも、ひらがな表記のほうが読みやすい可能性があります。読み手や文脈に合わせて、ひらがなに開くことを検討してください。,,,FireShot Capture 033相当 / ルール推敲 1/4ページ,,FireShot Capture 033相当 / ルール推敲 1/4ページ,1,43,,,既存辞書ルール。keywordを文字列一致または安全にエスケープした正規表現として検出する。,キャプチャ画面から読み取り。補足欄・管理メモ欄は画面上で全文確認できない箇所があるため、基本コメントを中心に整理。
44,ルール推敲,dictionary,True,ひらがなで書くほうがよい言葉,notice,exact,True,更に,更に,さらに,OFF,更に → さらに,「さらに」とひらがなで書くほうがよいかもしれません。,「さらに」とひらがなで書くほうがよいかもしれません。,漢字表記よりも、ひらがな表記のほうが読みやすい可能性があります。読み手や文脈に合わせて、ひらがなに開くことを検討してください。,,,FireShot Capture 033相当 / ルール推敲 1/4ページ,,FireShot Capture 033相当 / ルール推敲 1/4ページ,1,44,,,既存辞書ルール。keywordを文字列一致または安全にエスケープした正規表現として検出する。,キャプチャ画面から読み取り。補足欄・管理メモ欄は画面上で全文確認できない箇所があるため、基本コメントを中心に整理。
45,ルール推敲,dictionary,True,ひらがなで書くほうがよい言葉,notice,exact,True,する上で,する上で,するうえで,OFF,する上で → するうえで,「するうえで」とひらがなで書くほうがよいかもしれません。,「するうえで」とひらがなで書くほうがよいかもしれません。,漢字表記よりも、ひらがな表記のほうが読みやすい可能性があります。読み手や文脈に合わせて、ひらがなに開くことを検討してください。,,,FireShot Capture 033相当 / ルール推敲 1/4ページ,,FireShot Capture 033相当 / ルール推敲 1/4ページ,1,45,,,既存辞書ルール。keywordを文字列一致または安全にエスケープした正規表現として検出する。,キャプチャ画面から読み取り。補足欄・管理メモ欄は画面上で全文確認できない箇所があるため、基本コメントを中心に整理。
46,ルール推敲,dictionary,True,ひらがなで書くほうがよい言葉,notice,exact,True,当たり,当たり,あたり,OFF,当たり → あたり,「あたり」とひらがなで書くほうがよいかもしれません。,「あたり」とひらがなで書くほうがよいかもしれません。,漢字表記よりも、ひらがな表記のほうが読みやすい可能性があります。読み手や文脈に合わせて、ひらがなに開くことを検討してください。,,,FireShot Capture 033相当 / ルール推敲 1/4ページ,,FireShot Capture 033相当 / ルール推敲 1/4ページ,1,46,,,既存辞書ルール。keywordを文字列一致または安全にエスケープした正規表現として検出する。,キャプチャ画面から読み取り。補足欄・管理メモ欄は画面上で全文確認できない箇所があるため、基本コメントを中心に整理。
47,ルール推敲,dictionary,True,ひらがなで書くほうがよい言葉,notice,exact,True,表す,表す,あらわす,OFF,表す → あらわす,「あらわす」とひらがなで書くほうがよいかもしれません。,「あらわす」とひらがなで書くほうがよいかもしれません。,漢字表記よりも、ひらがな表記のほうが読みやすい可能性があります。読み手や文脈に合わせて、ひらがなに開くことを検討してください。,,,FireShot Capture 033相当 / ルール推敲 1/4ページ,,FireShot Capture 033相当 / ルール推敲 1/4ページ,1,47,,,既存辞書ルール。keywordを文字列一致または安全にエスケープした正規表現として検出する。,キャプチャ画面から読み取り。補足欄・管理メモ欄は画面上で全文確認できない箇所があるため、基本コメントを中心に整理。
48,ルール推敲,dictionary,True,ひらがなで書くほうがよい言葉,notice,exact,True,大変,大変,たいへん,OFF,大変 → たいへん,「たいへん」とひらがなで書くほうがよいかもしれません。,「たいへん」とひらがなで書くほうがよいかもしれません。,漢字表記よりも、ひらがな表記のほうが読みやすい可能性があります。読み手や文脈に合わせて、ひらがなに開くことを検討してください。,,,FireShot Capture 033相当 / ルール推敲 1/4ページ,,FireShot Capture 033相当 / ルール推敲 1/4ページ,1,48,,,既存辞書ルール。keywordを文字列一致または安全にエスケープした正規表現として検出する。,キャプチャ画面から読み取り。補足欄・管理メモ欄は画面上で全文確認できない箇所があるため、基本コメントを中心に整理。
49,ルール推敲,dictionary,True,ひらがなで書くほうがよい言葉,notice,exact,True,にも関わらず,にも関わらず,にもかかわらず,OFF,にも関わらず → にもかかわらず,「にもかかわらず」とひらがなで書くほうがよいかもしれません。,「にもかかわらず」とひらがなで書くほうがよいかもしれません。,漢字表記よりも、ひらがな表記のほうが読みやすい可能性があります。読み手や文脈に合わせて、ひらがなに開くことを検討してください。,,,FireShot Capture 033相当 / ルール推敲 1/4ページ,,FireShot Capture 033相当 / ルール推敲 1/4ページ,1,49,,,既存辞書ルール。keywordを文字列一致または安全にエスケープした正規表現として検出する。,キャプチャ画面から読み取り。補足欄・管理メモ欄は画面上で全文確認できない箇所があるため、基本コメントを中心に整理。
50,ルール推敲,dictionary,True,ひらがなで書くほうがよい言葉,notice,exact,True,にも拘わらず,にも拘わらず,にもかかわらず,OFF,にも拘わらず → にもかかわらず,「にもかかわらず」とひらがなで書くほうがよいかもしれません。,「にもかかわらず」とひらがなで書くほうがよいかもしれません。,漢字表記よりも、ひらがな表記のほうが読みやすい可能性があります。読み手や文脈に合わせて、ひらがなに開くことを検討してください。,,,FireShot Capture 033相当 / ルール推敲 1/4ページ,,FireShot Capture 033相当 / ルール推敲 1/4ページ,1,50,,,既存辞書ルール。keywordを文字列一致または安全にエスケープした正規表現として検出する。,キャプチャ画面から読み取り。補足欄・管理メモ欄は画面上で全文確認できない箇所があるため、基本コメントを中心に整理。
51,ルール推敲,dictionary,True,ひらがなで書くほうがよい言葉,notice,exact,True,以って,以って,もって,OFF,以って → もって,「もって」とひらがなで書くほうがよいかもしれません。,「もって」とひらがなで書くほうがよいかもしれません。,漢字表記よりも、ひらがな表記のほうが読みやすい可能性があります。読み手や文脈に合わせて、ひらがなに開くことを検討してください。,,,FireShot Capture 034相当 / ルール推敲 2/4ページ,,FireShot Capture 034相当 / ルール推敲 2/4ページ,2,1,,,既存辞書ルール。keywordを文字列一致または安全にエスケープした正規表現として検出する。,キャプチャ画面から読み取り。補足欄・管理メモ欄は画面上で全文確認できない箇所があるため、基本コメントを中心に整理。
52,ルール推敲,dictionary,True,ひらがなで書くほうがよい言葉,notice,exact,True,以て,以て,もって,OFF,以て → もって,「もって」とひらがなで書くほうがよいかもしれません。,「もって」とひらがなで書くほうがよいかもしれません。,漢字表記よりも、ひらがな表記のほうが読みやすい可能性があります。読み手や文脈に合わせて、ひらがなに開くことを検討してください。,,,FireShot Capture 034相当 / ルール推敲 2/4ページ,,FireShot Capture 034相当 / ルール推敲 2/4ページ,2,2,,,既存辞書ルール。keywordを文字列一致または安全にエスケープした正規表現として検出する。,キャプチャ画面から読み取り。補足欄・管理メモ欄は画面上で全文確認できない箇所があるため、基本コメントを中心に整理。
53,ルール推敲,dictionary,True,ひらがなで書くほうがよい言葉,notice,exact,True,頂ける,頂ける,いただける,OFF,頂ける → いただける,「いただける」とひらがなで書くほうがよいかもしれません。,「いただける」とひらがなで書くほうがよいかもしれません。,漢字表記よりも、ひらがな表記のほうが読みやすい可能性があります。読み手や文脈に合わせて、ひらがなに開くことを検討してください。,,,FireShot Capture 034相当 / ルール推敲 2/4ページ,,FireShot Capture 034相当 / ルール推敲 2/4ページ,2,3,,,既存辞書ルール。keywordを文字列一致または安全にエスケープした正規表現として検出する。,キャプチャ画面から読み取り。補足欄・管理メモ欄は画面上で全文確認できない箇所があるため、基本コメントを中心に整理。
54,ルール推敲,dictionary,True,ひらがなで書くほうがよい言葉,notice,exact,True,て頂き,て頂き,いただき,OFF,て頂き → いただき,「いただき」とひらがなで書くほうがよいかもしれません。,「いただき」とひらがなで書くほうがよいかもしれません。,漢字表記よりも、ひらがな表記のほうが読みやすい可能性があります。読み手や文脈に合わせて、ひらがなに開くことを検討してください。,,,FireShot Capture 034相当 / ルール推敲 2/4ページ,,FireShot Capture 034相当 / ルール推敲 2/4ページ,2,4,,,既存辞書ルール。keywordを文字列一致または安全にエスケープした正規表現として検出する。,キャプチャ画面から読み取り。補足欄・管理メモ欄は画面上で全文確認できない箇所があるため、基本コメントを中心に整理。
55,ルール推敲,dictionary,True,ひらがなで書くほうがよい言葉,notice,exact,True,一つ一つ,一つ一つ,一つひとつ,OFF,一つ一つ → 一つひとつ,「一つひとつ」とひらがなで書くほうがよいかもしれません。,「一つひとつ」とひらがなで書くほうがよいかもしれません。,漢字表記よりも、ひらがな表記のほうが読みやすい可能性があります。読み手や文脈に合わせて、ひらがなに開くことを検討してください。,,,FireShot Capture 034相当 / ルール推敲 2/4ページ,,FireShot Capture 034相当 / ルール推敲 2/4ページ,2,5,,,既存辞書ルール。keywordを文字列一致または安全にエスケープした正規表現として検出する。,キャプチャ画面から読み取り。補足欄・管理メモ欄は画面上で全文確認できない箇所があるため、基本コメントを中心に整理。
56,ルール推敲,dictionary,True,ひらがなで書くほうがよい言葉,notice,exact,True,戴き,戴き,いただき,OFF,戴き → いただき,「いただき」とひらがなで書くほうがよいかもしれません。,「いただき」とひらがなで書くほうがよいかもしれません。,漢字表記よりも、ひらがな表記のほうが読みやすい可能性があります。読み手や文脈に合わせて、ひらがなに開くことを検討してください。,,,FireShot Capture 034相当 / ルール推敲 2/4ページ,,FireShot Capture 034相当 / ルール推敲 2/4ページ,2,6,,,既存辞書ルール。keywordを文字列一致または安全にエスケープした正規表現として検出する。,キャプチャ画面から読み取り。補足欄・管理メモ欄は画面上で全文確認できない箇所があるため、基本コメントを中心に整理。
57,ルール推敲,dictionary,True,ひらがなで書くほうがよい言葉,notice,exact,True,未だ,未だ,まだ or いまだ,OFF,未だ → まだ or いまだ,「まだ or いまだ」とひらがなで書くほうがよいかもしれません。,「まだ or いまだ」とひらがなで書くほうがよいかもしれません。,漢字表記よりも、ひらがな表記のほうが読みやすい可能性があります。読み手や文脈に合わせて、ひらがなに開くことを検討してください。,,,FireShot Capture 034相当 / ルール推敲 2/4ページ,,FireShot Capture 034相当 / ルール推敲 2/4ページ,2,7,,,既存辞書ルール。keywordを文字列一致または安全にエスケープした正規表現として検出する。,キャプチャ画面から読み取り。補足欄・管理メモ欄は画面上で全文確認できない箇所があるため、基本コメントを中心に整理。
58,ルール推敲,dictionary,True,ひらがなで書くほうがよい言葉,notice,exact,True,1つ1つ,1つ1つ,一つひとつ,OFF,1つ1つ → 一つひとつ,「一つひとつ」とひらがなで書くほうがよいかもしれません。,「一つひとつ」とひらがなで書くほうがよいかもしれません。,漢字表記よりも、ひらがな表記のほうが読みやすい可能性があります。読み手や文脈に合わせて、ひらがなに開くことを検討してください。,,,FireShot Capture 034相当 / ルール推敲 2/4ページ,,FireShot Capture 034相当 / ルール推敲 2/4ページ,2,8,,,既存辞書ルール。keywordを文字列一致または安全にエスケープした正規表現として検出する。,キャプチャ画面から読み取り。補足欄・管理メモ欄は画面上で全文確認できない箇所があるため、基本コメントを中心に整理。
59,ルール推敲,dictionary,True,ひらがなで書くほうがよい言葉,notice,exact,True,1つ１つ,1つ１つ,一つひとつ,OFF,1つ１つ → 一つひとつ,「一つひとつ」とひらがなで書くほうがよいかもしれません。,「一つひとつ」とひらがなで書くほうがよいかもしれません。,漢字表記よりも、ひらがな表記のほうが読みやすい可能性があります。読み手や文脈に合わせて、ひらがなに開くことを検討してください。,,,FireShot Capture 034相当 / ルール推敲 2/4ページ,,FireShot Capture 034相当 / ルール推敲 2/4ページ,2,9,,,既存辞書ルール。keywordを文字列一致または安全にエスケープした正規表現として検出する。,キャプチャ画面から読み取り。補足欄・管理メモ欄は画面上で全文確認できない箇所があるため、基本コメントを中心に整理。
60,ルール推敲,dictionary,True,ひらがなで書くほうがよい言葉,notice,exact,True,早速,早速,さっそく,OFF,早速 → さっそく,「さっそく」とひらがなで書くほうがよいかもしれません。,「さっそく」とひらがなで書くほうがよいかもしれません。,漢字表記よりも、ひらがな表記のほうが読みやすい可能性があります。読み手や文脈に合わせて、ひらがなに開くことを検討してください。,,,FireShot Capture 034相当 / ルール推敲 2/4ページ,,FireShot Capture 034相当 / ルール推敲 2/4ページ,2,10,,,既存辞書ルール。keywordを文字列一致または安全にエスケープした正規表現として検出する。,キャプチャ画面から読み取り。補足欄・管理メモ欄は画面上で全文確認できない箇所があるため、基本コメントを中心に整理。
61,ルール推敲,dictionary,True,ひらがなで書くほうがよい言葉,notice,exact,True,1人,1人,ひとり,OFF,1人 → ひとり,「ひとり」とひらがなで書くほうがよいかもしれません。,「ひとり」とひらがなで書くほうがよいかもしれません。,漢字表記よりも、ひらがな表記のほうが読みやすい可能性があります。読み手や文脈に合わせて、ひらがなに開くことを検討してください。,,,FireShot Capture 034相当 / ルール推敲 2/4ページ,,FireShot Capture 034相当 / ルール推敲 2/4ページ,2,11,,,既存辞書ルール。keywordを文字列一致または安全にエスケープした正規表現として検出する。,キャプチャ画面から読み取り。補足欄・管理メモ欄は画面上で全文確認できない箇所があるため、基本コメントを中心に整理。
62,ルール推敲,dictionary,True,ひらがなで書くほうがよい言葉,notice,exact,True,1人1人,1人1人,一人ひとり,OFF,1人1人 → 一人ひとり,「一人ひとり」とひらがなで書くほうがよいかもしれません。,「一人ひとり」とひらがなで書くほうがよいかもしれません。,漢字表記よりも、ひらがな表記のほうが読みやすい可能性があります。読み手や文脈に合わせて、ひらがなに開くことを検討してください。,,,FireShot Capture 034相当 / ルール推敲 2/4ページ,,FireShot Capture 034相当 / ルール推敲 2/4ページ,2,12,,,既存辞書ルール。keywordを文字列一致または安全にエスケープした正規表現として検出する。,キャプチャ画面から読み取り。補足欄・管理メモ欄は画面上で全文確認できない箇所があるため、基本コメントを中心に整理。
63,ルール推敲,dictionary,True,ひらがなで書くほうがよい言葉,notice,exact,True,一人一人,一人一人,一人ひとり,OFF,一人一人 → 一人ひとり,「一人ひとり」とひらがなで書くほうがよいかもしれません。,「一人ひとり」とひらがなで書くほうがよいかもしれません。,漢字表記よりも、ひらがな表記のほうが読みやすい可能性があります。読み手や文脈に合わせて、ひらがなに開くことを検討してください。,,,FireShot Capture 034相当 / ルール推敲 2/4ページ,,FireShot Capture 034相当 / ルール推敲 2/4ページ,2,13,,,既存辞書ルール。keywordを文字列一致または安全にエスケープした正規表現として検出する。,キャプチャ画面から読み取り。補足欄・管理メモ欄は画面上で全文確認できない箇所があるため、基本コメントを中心に整理。
64,ルール推敲,dictionary,True,ひらがなで書くほうがよい言葉,notice,exact,True,１人１人,１人１人,一人ひとり,OFF,１人１人 → 一人ひとり,「一人ひとり」とひらがなで書くほうがよいかもしれません。,「一人ひとり」とひらがなで書くほうがよいかもしれません。,漢字表記よりも、ひらがな表記のほうが読みやすい可能性があります。読み手や文脈に合わせて、ひらがなに開くことを検討してください。,,,FireShot Capture 034相当 / ルール推敲 2/4ページ,,FireShot Capture 034相当 / ルール推敲 2/4ページ,2,14,,,既存辞書ルール。keywordを文字列一致または安全にエスケープした正規表現として検出する。,キャプチャ画面から読み取り。補足欄・管理メモ欄は画面上で全文確認できない箇所があるため、基本コメントを中心に整理。
65,ルール推敲,dictionary,True,ひらがなで書くほうがよい言葉,notice,exact,True,ひとり一人,ひとり一人,一人ひとり,OFF,ひとり一人 → 一人ひとり,「一人ひとり」とひらがなで書くほうがよいかもしれません。,「一人ひとり」とひらがなで書くほうがよいかもしれません。,漢字表記よりも、ひらがな表記のほうが読みやすい可能性があります。読み手や文脈に合わせて、ひらがなに開くことを検討してください。,,,FireShot Capture 034相当 / ルール推敲 2/4ページ,,FireShot Capture 034相当 / ルール推敲 2/4ページ,2,15,,,既存辞書ルール。keywordを文字列一致または安全にエスケープした正規表現として検出する。,キャプチャ画面から読み取り。補足欄・管理メモ欄は画面上で全文確認できない箇所があるため、基本コメントを中心に整理。
66,ルール推敲,dictionary,True,ひらがなで書くほうがよい言葉,notice,exact,True,という事,という事,ということ,OFF,という事 → ということ,「ということ」とひらがなで書くほうがよいかもしれません。,「ということ」とひらがなで書くほうがよいかもしれません。,漢字表記よりも、ひらがな表記のほうが読みやすい可能性があります。読み手や文脈に合わせて、ひらがなに開くことを検討してください。,,,FireShot Capture 034相当 / ルール推敲 2/4ページ,,FireShot Capture 034相当 / ルール推敲 2/4ページ,2,16,,,既存辞書ルール。keywordを文字列一致または安全にエスケープした正規表現として検出する。,キャプチャ画面から読み取り。補足欄・管理メモ欄は画面上で全文確認できない箇所があるため、基本コメントを中心に整理。
67,ルール推敲,dictionary,True,ひらがなで書くほうがよい言葉,notice,exact,True,先ず,先ず,まず,OFF,先ず → まず,「まず」とひらがなで書くほうがよいかもしれません。,「まず」とひらがなで書くほうがよいかもしれません。,漢字表記よりも、ひらがな表記のほうが読みやすい可能性があります。読み手や文脈に合わせて、ひらがなに開くことを検討してください。,,,FireShot Capture 034相当 / ルール推敲 2/4ページ,,FireShot Capture 034相当 / ルール推敲 2/4ページ,2,17,,,既存辞書ルール。keywordを文字列一致または安全にエスケープした正規表現として検出する。,キャプチャ画面から読み取り。補足欄・管理メモ欄は画面上で全文確認できない箇所があるため、基本コメントを中心に整理。
68,ルール推敲,dictionary,True,ひらがなで書くほうがよい言葉,notice,exact,True,果して,果して,はたして,OFF,果して → はたして,「はたして」とひらがなで書くほうがよいかもしれません。,「はたして」とひらがなで書くほうがよいかもしれません。,漢字表記よりも、ひらがな表記のほうが読みやすい可能性があります。読み手や文脈に合わせて、ひらがなに開くことを検討してください。,,,FireShot Capture 034相当 / ルール推敲 2/4ページ,,FireShot Capture 034相当 / ルール推敲 2/4ページ,2,18,,,既存辞書ルール。keywordを文字列一致または安全にエスケープした正規表現として検出する。,キャプチャ画面から読み取り。補足欄・管理メモ欄は画面上で全文確認できない箇所があるため、基本コメントを中心に整理。
69,ルール推敲,dictionary,True,ひらがなで書くほうがよい言葉,notice,exact,True,何ら,何ら,なんら,OFF,何ら → なんら,「なんら」とひらがなで書くほうがよいかもしれません。,「なんら」とひらがなで書くほうがよいかもしれません。,漢字表記よりも、ひらがな表記のほうが読みやすい可能性があります。読み手や文脈に合わせて、ひらがなに開くことを検討してください。,,,FireShot Capture 034相当 / ルール推敲 2/4ページ,,FireShot Capture 034相当 / ルール推敲 2/4ページ,2,19,,,既存辞書ルール。keywordを文字列一致または安全にエスケープした正規表現として検出する。,キャプチャ画面から読み取り。補足欄・管理メモ欄は画面上で全文確認できない箇所があるため、基本コメントを中心に整理。
70,ルール推敲,dictionary,True,ひらがなで書くほうがよい言葉,notice,exact,True,何等,何等,なんら,OFF,何等 → なんら,「なんら」とひらがなで書くほうがよいかもしれません。,「なんら」とひらがなで書くほうがよいかもしれません。,漢字表記よりも、ひらがな表記のほうが読みやすい可能性があります。読み手や文脈に合わせて、ひらがなに開くことを検討してください。,,,FireShot Capture 034相当 / ルール推敲 2/4ページ,,FireShot Capture 034相当 / ルール推敲 2/4ページ,2,20,,,既存辞書ルール。keywordを文字列一致または安全にエスケープした正規表現として検出する。,キャプチャ画面から読み取り。補足欄・管理メモ欄は画面上で全文確認できない箇所があるため、基本コメントを中心に整理。
71,ルール推敲,dictionary,True,ひらがなで書くほうがよい言葉,notice,exact,True,既に,既に,すでに,OFF,既に → すでに,「すでに」とひらがなで書くほうがよいかもしれません。,「すでに」とひらがなで書くほうがよいかもしれません。,漢字表記よりも、ひらがな表記のほうが読みやすい可能性があります。読み手や文脈に合わせて、ひらがなに開くことを検討してください。,,,FireShot Capture 034相当 / ルール推敲 2/4ページ,,FireShot Capture 034相当 / ルール推敲 2/4ページ,2,21,,,既存辞書ルール。keywordを文字列一致または安全にエスケープした正規表現として検出する。,キャプチャ画面から読み取り。補足欄・管理メモ欄は画面上で全文確認できない箇所があるため、基本コメントを中心に整理。
72,ルール推敲,dictionary,True,ひらがなで書くほうがよい言葉,notice,exact,True,直ぐ,直ぐ,すぐ,OFF,直ぐ → すぐ,「すぐ」とひらがなで書くほうがよいかもしれません。,「すぐ」とひらがなで書くほうがよいかもしれません。,漢字表記よりも、ひらがな表記のほうが読みやすい可能性があります。読み手や文脈に合わせて、ひらがなに開くことを検討してください。,,,FireShot Capture 034相当 / ルール推敲 2/4ページ,,FireShot Capture 034相当 / ルール推敲 2/4ページ,2,22,,,既存辞書ルール。keywordを文字列一致または安全にエスケープした正規表現として検出する。,キャプチャ画面から読み取り。補足欄・管理メモ欄は画面上で全文確認できない箇所があるため、基本コメントを中心に整理。
73,ルール推敲,dictionary,True,ひらがなで書くほうがよい言葉,notice,exact,True,遂に,遂に,ついに,OFF,遂に → ついに,「ついに」とひらがなで書くほうがよいかもしれません。,「ついに」とひらがなで書くほうがよいかもしれません。,漢字表記よりも、ひらがな表記のほうが読みやすい可能性があります。読み手や文脈に合わせて、ひらがなに開くことを検討してください。,,,FireShot Capture 034相当 / ルール推敲 2/4ページ,,FireShot Capture 034相当 / ルール推敲 2/4ページ,2,23,,,既存辞書ルール。keywordを文字列一致または安全にエスケープした正規表現として検出する。,キャプチャ画面から読み取り。補足欄・管理メモ欄は画面上で全文確認できない箇所があるため、基本コメントを中心に整理。
74,ルール推敲,dictionary,True,ひらがなで書くほうがよい言葉,notice,exact,True,至って,至って,いたって,OFF,至って → いたって,「いたって」とひらがなで書くほうがよいかもしれません。,「いたって」とひらがなで書くほうがよいかもしれません。,漢字表記よりも、ひらがな表記のほうが読みやすい可能性があります。読み手や文脈に合わせて、ひらがなに開くことを検討してください。,,,FireShot Capture 034相当 / ルール推敲 2/4ページ,,FireShot Capture 034相当 / ルール推敲 2/4ページ,2,24,,,既存辞書ルール。keywordを文字列一致または安全にエスケープした正規表現として検出する。,キャプチャ画面から読み取り。補足欄・管理メモ欄は画面上で全文確認できない箇所があるため、基本コメントを中心に整理。
75,ルール推敲,dictionary,True,ひらがなで書くほうがよい言葉,notice,exact,True,極めて,極めて,きわめて,OFF,極めて → きわめて,「きわめて」とひらがなで書くほうがよいかもしれません。,「きわめて」とひらがなで書くほうがよいかもしれません。,漢字表記よりも、ひらがな表記のほうが読みやすい可能性があります。読み手や文脈に合わせて、ひらがなに開くことを検討してください。,,,FireShot Capture 034相当 / ルール推敲 2/4ページ,,FireShot Capture 034相当 / ルール推敲 2/4ページ,2,25,,,既存辞書ルール。keywordを文字列一致または安全にエスケープした正規表現として検出する。,キャプチャ画面から読み取り。補足欄・管理メモ欄は画面上で全文確認できない箇所があるため、基本コメントを中心に整理。
76,ルール推敲,dictionary,True,ひらがなで書くほうがよい言葉,notice,exact,True,一際,一際,ひときわ,OFF,一際 → ひときわ,「ひときわ」とひらがなで書くほうがよいかもしれません。,「ひときわ」とひらがなで書くほうがよいかもしれません。,漢字表記よりも、ひらがな表記のほうが読みやすい可能性があります。読み手や文脈に合わせて、ひらがなに開くことを検討してください。,,,FireShot Capture 034相当 / ルール推敲 2/4ページ,,FireShot Capture 034相当 / ルール推敲 2/4ページ,2,26,,,既存辞書ルール。keywordを文字列一致または安全にエスケープした正規表現として検出する。,キャプチャ画面から読み取り。補足欄・管理メモ欄は画面上で全文確認できない箇所があるため、基本コメントを中心に整理。
77,ルール推敲,dictionary,True,ひらがなで書くほうがよい言葉,notice,exact,True,何れ,何れ,いずれ,OFF,何れ → いずれ,「いずれ」とひらがなで書くほうがよいかもしれません。,「いずれ」とひらがなで書くほうがよいかもしれません。,漢字表記よりも、ひらがな表記のほうが読みやすい可能性があります。読み手や文脈に合わせて、ひらがなに開くことを検討してください。,,,FireShot Capture 034相当 / ルール推敲 2/4ページ,,FireShot Capture 034相当 / ルール推敲 2/4ページ,2,27,,,既存辞書ルール。keywordを文字列一致または安全にエスケープした正規表現として検出する。,キャプチャ画面から読み取り。補足欄・管理メモ欄は画面上で全文確認できない箇所があるため、基本コメントを中心に整理。
78,ルール推敲,dictionary,True,ひらがなで書くほうがよい言葉,notice,exact,True,全て,全て,すべて,OFF,全て → すべて,「すべて」とひらがなで書くほうがよいかもしれません。,「すべて」とひらがなで書くほうがよいかもしれません。,漢字表記よりも、ひらがな表記のほうが読みやすい可能性があります。読み手や文脈に合わせて、ひらがなに開くことを検討してください。,,,FireShot Capture 034相当 / ルール推敲 2/4ページ,,FireShot Capture 034相当 / ルール推敲 2/4ページ,2,28,,,既存辞書ルール。keywordを文字列一致または安全にエスケープした正規表現として検出する。,キャプチャ画面から読み取り。補足欄・管理メモ欄は画面上で全文確認できない箇所があるため、基本コメントを中心に整理。
79,ルール推敲,dictionary,True,ひらがなで書くほうがよい言葉,notice,exact,True,折角,折角,せっかく,OFF,折角 → せっかく,「せっかく」とひらがなで書くほうがよいかもしれません。,「せっかく」とひらがなで書くほうがよいかもしれません。,漢字表記よりも、ひらがな表記のほうが読みやすい可能性があります。読み手や文脈に合わせて、ひらがなに開くことを検討してください。,,,FireShot Capture 034相当 / ルール推敲 2/4ページ,,FireShot Capture 034相当 / ルール推敲 2/4ページ,2,29,,,既存辞書ルール。keywordを文字列一致または安全にエスケープした正規表現として検出する。,キャプチャ画面から読み取り。補足欄・管理メモ欄は画面上で全文確認できない箇所があるため、基本コメントを中心に整理。
80,ルール推敲,dictionary,True,ひらがなで書くほうがよい言葉,notice,exact,True,甚だ,甚だ,はなはだ,OFF,甚だ → はなはだ,「はなはだ」とひらがなで書くほうがよいかもしれません。,「はなはだ」とひらがなで書くほうがよいかもしれません。,漢字表記よりも、ひらがな表記のほうが読みやすい可能性があります。読み手や文脈に合わせて、ひらがなに開くことを検討してください。,,,FireShot Capture 034相当 / ルール推敲 2/4ページ,,FireShot Capture 034相当 / ルール推敲 2/4ページ,2,30,,,既存辞書ルール。keywordを文字列一致または安全にエスケープした正規表現として検出する。,キャプチャ画面から読み取り。補足欄・管理メモ欄は画面上で全文確認できない箇所があるため、基本コメントを中心に整理。
81,ルール推敲,dictionary,True,ひらがなで書くほうがよい言葉,notice,exact,True,程々,程々,ほどほど,OFF,程々 → ほどほど,「ほどほど」とひらがなで書くほうがよいかもしれません。,「ほどほど」とひらがなで書くほうがよいかもしれません。,漢字表記よりも、ひらがな表記のほうが読みやすい可能性があります。読み手や文脈に合わせて、ひらがなに開くことを検討してください。,,,FireShot Capture 034相当 / ルール推敲 2/4ページ,,FireShot Capture 034相当 / ルール推敲 2/4ページ,2,31,,,既存辞書ルール。keywordを文字列一致または安全にエスケープした正規表現として検出する。,キャプチャ画面から読み取り。補足欄・管理メモ欄は画面上で全文確認できない箇所があるため、基本コメントを中心に整理。
82,ルール推敲,dictionary,True,ひらがなで書くほうがよい言葉,notice,exact,True,下さい,下さい,ください,OFF,下さい → ください,「ください」とひらがなで書くほうがよいかもしれません。,「ください」とひらがなで書くほうがよいかもしれません。,漢字表記よりも、ひらがな表記のほうが読みやすい可能性があります。読み手や文脈に合わせて、ひらがなに開くことを検討してください。,,,FireShot Capture 034相当 / ルール推敲 2/4ページ,,FireShot Capture 034相当 / ルール推敲 2/4ページ,2,32,,,既存辞書ルール。keywordを文字列一致または安全にエスケープした正規表現として検出する。,キャプチャ画面から読み取り。補足欄・管理メモ欄は画面上で全文確認できない箇所があるため、基本コメントを中心に整理。
83,ルール推敲,dictionary,True,ひらがなで書くほうがよい言葉,notice,exact,True,流石,流石,さすが,OFF,流石 → さすが,「さすが」とひらがなで書くほうがよいかもしれません。,「さすが」とひらがなで書くほうがよいかもしれません。,漢字表記よりも、ひらがな表記のほうが読みやすい可能性があります。読み手や文脈に合わせて、ひらがなに開くことを検討してください。,,,FireShot Capture 034相当 / ルール推敲 2/4ページ,,FireShot Capture 034相当 / ルール推敲 2/4ページ,2,33,,,既存辞書ルール。keywordを文字列一致または安全にエスケープした正規表現として検出する。,キャプチャ画面から読み取り。補足欄・管理メモ欄は画面上で全文確認できない箇所があるため、基本コメントを中心に整理。
84,ルール推敲,dictionary,True,ひらがなで書くほうがよい言葉,notice,exact,True,且つ,且つ,かつ,OFF,且つ → かつ,「かつ」とひらがなで書くほうがよいかもしれません。,「かつ」とひらがなで書くほうがよいかもしれません。,漢字表記よりも、ひらがな表記のほうが読みやすい可能性があります。読み手や文脈に合わせて、ひらがなに開くことを検討してください。,,,FireShot Capture 034相当 / ルール推敲 2/4ページ,,FireShot Capture 034相当 / ルール推敲 2/4ページ,2,34,,,既存辞書ルール。keywordを文字列一致または安全にエスケープした正規表現として検出する。,キャプチャ画面から読み取り。補足欄・管理メモ欄は画面上で全文確認できない箇所があるため、基本コメントを中心に整理。
85,ルール推敲,dictionary,True,ひらがなで書くほうがよい言葉,notice,exact,True,及び,及び,および,OFF,及び → および,「および」とひらがなで書くほうがよいかもしれません。,「および」とひらがなで書くほうがよいかもしれません。,漢字表記よりも、ひらがな表記のほうが読みやすい可能性があります。読み手や文脈に合わせて、ひらがなに開くことを検討してください。,,,FireShot Capture 034相当 / ルール推敲 2/4ページ,,FireShot Capture 034相当 / ルール推敲 2/4ページ,2,35,,,既存辞書ルール。keywordを文字列一致または安全にエスケープした正規表現として検出する。,キャプチャ画面から読み取り。補足欄・管理メモ欄は画面上で全文確認できない箇所があるため、基本コメントを中心に整理。
86,ルール推敲,dictionary,True,ひらがなで書くほうがよい言葉,notice,exact,True,此方,此方,こちら,OFF,此方 → こちら,「こちら」とひらがなで書くほうがよいかもしれません。,「こちら」とひらがなで書くほうがよいかもしれません。,漢字表記よりも、ひらがな表記のほうが読みやすい可能性があります。読み手や文脈に合わせて、ひらがなに開くことを検討してください。,,,FireShot Capture 034相当 / ルール推敲 2/4ページ,,FireShot Capture 034相当 / ルール推敲 2/4ページ,2,36,,,既存辞書ルール。keywordを文字列一致または安全にエスケープした正規表現として検出する。,キャプチャ画面から読み取り。補足欄・管理メモ欄は画面上で全文確認できない箇所があるため、基本コメントを中心に整理。
87,ルール推敲,dictionary,True,ひらがなで書くほうがよい言葉,notice,exact,True,又は,又は,または,OFF,又は → または,「または」とひらがなで書くほうがよいかもしれません。,「または」とひらがなで書くほうがよいかもしれません。,漢字表記よりも、ひらがな表記のほうが読みやすい可能性があります。読み手や文脈に合わせて、ひらがなに開くことを検討してください。,,,FireShot Capture 034相当 / ルール推敲 2/4ページ,,FireShot Capture 034相当 / ルール推敲 2/4ページ,2,37,,,既存辞書ルール。keywordを文字列一致または安全にエスケープした正規表現として検出する。,キャプチャ画面から読み取り。補足欄・管理メモ欄は画面上で全文確認できない箇所があるため、基本コメントを中心に整理。
88,ルール推敲,dictionary,True,ひらがなで書くほうがよい言葉,notice,exact,True,殆ど,殆ど,ほとんど,OFF,殆ど → ほとんど,「ほとんど」とひらがなで書くほうがよいかもしれません。,「ほとんど」とひらがなで書くほうがよいかもしれません。,漢字表記よりも、ひらがな表記のほうが読みやすい可能性があります。読み手や文脈に合わせて、ひらがなに開くことを検討してください。,,,FireShot Capture 034相当 / ルール推敲 2/4ページ,,FireShot Capture 034相当 / ルール推敲 2/4ページ,2,38,,,既存辞書ルール。keywordを文字列一致または安全にエスケープした正規表現として検出する。,キャプチャ画面から読み取り。補足欄・管理メモ欄は画面上で全文確認できない箇所があるため、基本コメントを中心に整理。
89,ルール推敲,dictionary,True,ひらがなで書くほうがよい言葉,notice,exact,True,程ほど,程ほど,ほどほど,OFF,程ほど → ほどほど,「ほどほど」とひらがなで書くほうがよいかもしれません。,「ほどほど」とひらがなで書くほうがよいかもしれません。,漢字表記よりも、ひらがな表記のほうが読みやすい可能性があります。読み手や文脈に合わせて、ひらがなに開くことを検討してください。,,,FireShot Capture 034相当 / ルール推敲 2/4ページ,,FireShot Capture 034相当 / ルール推敲 2/4ページ,2,39,,,既存辞書ルール。keywordを文字列一致または安全にエスケープした正規表現として検出する。,キャプチャ画面から読み取り。補足欄・管理メモ欄は画面上で全文確認できない箇所があるため、基本コメントを中心に整理。
90,ルール推敲,dictionary,True,ひらがなで書くほうがよい言葉,notice,exact,True,若しくは,若しくは,もしくは,OFF,若しくは → もしくは,「もしくは」とひらがなで書くほうがよいかもしれません。,「もしくは」とひらがなで書くほうがよいかもしれません。,漢字表記よりも、ひらがな表記のほうが読みやすい可能性があります。読み手や文脈に合わせて、ひらがなに開くことを検討してください。,,,FireShot Capture 034相当 / ルール推敲 2/4ページ,,FireShot Capture 034相当 / ルール推敲 2/4ページ,2,40,,,既存辞書ルール。keywordを文字列一致または安全にエスケープした正規表現として検出する。,キャプチャ画面から読み取り。補足欄・管理メモ欄は画面上で全文確認できない箇所があるため、基本コメントを中心に整理。
91,ルール推敲,dictionary,True,ひらがなで書くほうがよい言葉,notice,exact,True,迄,迄,まで,OFF,迄 → まで,「まで」とひらがなで書くほうがよいかもしれません。,「まで」とひらがなで書くほうがよいかもしれません。,漢字表記よりも、ひらがな表記のほうが読みやすい可能性があります。読み手や文脈に合わせて、ひらがなに開くことを検討してください。,,,FireShot Capture 034相当 / ルール推敲 2/4ページ,,FireShot Capture 034相当 / ルール推敲 2/4ページ,2,41,,,既存辞書ルール。keywordを文字列一致または安全にエスケープした正規表現として検出する。,キャプチャ画面から読み取り。補足欄・管理メモ欄は画面上で全文確認できない箇所があるため、基本コメントを中心に整理。
92,ルール推敲,dictionary,True,ひらがなで書くほうがよい言葉,notice,exact,True,滅多に,滅多に,めったに,OFF,滅多に → めったに,「めったに」とひらがなで書くほうがよいかもしれません。,「めったに」とひらがなで書くほうがよいかもしれません。,漢字表記よりも、ひらがな表記のほうが読みやすい可能性があります。読み手や文脈に合わせて、ひらがなに開くことを検討してください。,,,FireShot Capture 034相当 / ルール推敲 2/4ページ,,FireShot Capture 034相当 / ルール推敲 2/4ページ,2,42,,,既存辞書ルール。keywordを文字列一致または安全にエスケープした正規表現として検出する。,キャプチャ画面から読み取り。補足欄・管理メモ欄は画面上で全文確認できない箇所があるため、基本コメントを中心に整理。
93,ルール推敲,dictionary,True,ひらがなで書くほうがよい言葉,notice,exact,True,全く,全く,まったく,OFF,全く → まったく,「まったく」とひらがなで書くほうがよいかもしれません。,「まったく」とひらがなで書くほうがよいかもしれません。,漢字表記よりも、ひらがな表記のほうが読みやすい可能性があります。読み手や文脈に合わせて、ひらがなに開くことを検討してください。,,,FireShot Capture 034相当 / ルール推敲 2/4ページ,,FireShot Capture 034相当 / ルール推敲 2/4ページ,2,43,,,既存辞書ルール。keywordを文字列一致または安全にエスケープした正規表現として検出する。,キャプチャ画面から読み取り。補足欄・管理メモ欄は画面上で全文確認できない箇所があるため、基本コメントを中心に整理。
94,ルール推敲,dictionary,True,ひらがなで書くほうがよい言葉,notice,exact,True,故に,故に,ゆえに,OFF,故に → ゆえに,「ゆえに」とひらがなで書くほうがよいかもしれません。,「ゆえに」とひらがなで書くほうがよいかもしれません。,漢字表記よりも、ひらがな表記のほうが読みやすい可能性があります。読み手や文脈に合わせて、ひらがなに開くことを検討してください。,,,FireShot Capture 034相当 / ルール推敲 2/4ページ,,FireShot Capture 034相当 / ルール推敲 2/4ページ,2,44,,,既存辞書ルール。keywordを文字列一致または安全にエスケープした正規表現として検出する。,キャプチャ画面から読み取り。補足欄・管理メモ欄は画面上で全文確認できない箇所があるため、基本コメントを中心に整理。
95,ルール推敲,dictionary,True,ひらがなで書くほうがよい言葉,notice,exact,True,悪い,悪い,わるい,OFF,悪い → わるい,「わるい」とひらがなで書くほうがよいかもしれません。,「わるい」とひらがなで書くほうがよいかもしれません。,漢字表記よりも、ひらがな表記のほうが読みやすい可能性があります。読み手や文脈に合わせて、ひらがなに開くことを検討してください。,,,FireShot Capture 034相当 / ルール推敲 2/4ページ,,FireShot Capture 034相当 / ルール推敲 2/4ページ,2,45,,,既存辞書ルール。keywordを文字列一致または安全にエスケープした正規表現として検出する。,キャプチャ画面から読み取り。補足欄・管理メモ欄は画面上で全文確認できない箇所があるため、基本コメントを中心に整理。
96,ルール推敲,dictionary,True,ひらがなで書くほうがよい言葉,notice,exact,True,優しい,優しい,やさしい,OFF,優しい → やさしい,「やさしい」とひらがなで書くほうがよいかもしれません。,「やさしい」とひらがなで書くほうがよいかもしれません。,漢字表記よりも、ひらがな表記のほうが読みやすい可能性があります。読み手や文脈に合わせて、ひらがなに開くことを検討してください。,,,FireShot Capture 034相当 / ルール推敲 2/4ページ,,FireShot Capture 034相当 / ルール推敲 2/4ページ,2,46,,,既存辞書ルール。keywordを文字列一致または安全にエスケープした正規表現として検出する。,キャプチャ画面から読み取り。補足欄・管理メモ欄は画面上で全文確認できない箇所があるため、基本コメントを中心に整理。
97,ルール推敲,dictionary,True,ひらがなで書くほうがよい言葉,notice,exact,True,最早,最早,もはや,OFF,最早 → もはや,「もはや」とひらがなで書くほうがよいかもしれません。,「もはや」とひらがなで書くほうがよいかもしれません。,漢字表記よりも、ひらがな表記のほうが読みやすい可能性があります。読み手や文脈に合わせて、ひらがなに開くことを検討してください。,,,FireShot Capture 034相当 / ルール推敲 2/4ページ,,FireShot Capture 034相当 / ルール推敲 2/4ページ,2,47,,,既存辞書ルール。keywordを文字列一致または安全にエスケープした正規表現として検出する。,キャプチャ画面から読み取り。補足欄・管理メモ欄は画面上で全文確認できない箇所があるため、基本コメントを中心に整理。
98,ルール推敲,dictionary,True,ひらがなで書くほうがよい言葉,notice,exact,True,依って,依って,よって,OFF,依って → よって,「よって」とひらがなで書くほうがよいかもしれません。,「よって」とひらがなで書くほうがよいかもしれません。,漢字表記よりも、ひらがな表記のほうが読みやすい可能性があります。読み手や文脈に合わせて、ひらがなに開くことを検討してください。,,,FireShot Capture 034相当 / ルール推敲 2/4ページ,,FireShot Capture 034相当 / ルール推敲 2/4ページ,2,48,,,既存辞書ルール。keywordを文字列一致または安全にエスケープした正規表現として検出する。,キャプチャ画面から読み取り。補足欄・管理メモ欄は画面上で全文確認できない箇所があるため、基本コメントを中心に整理。
99,ルール推敲,dictionary,True,ひらがなで書くほうがよい言葉,notice,exact,True,因って,因って,よって,OFF,因って → よって,「よって」とひらがなで書くほうがよいかもしれません。,「よって」とひらがなで書くほうがよいかもしれません。,漢字表記よりも、ひらがな表記のほうが読みやすい可能性があります。読み手や文脈に合わせて、ひらがなに開くことを検討してください。,,,FireShot Capture 034相当 / ルール推敲 2/4ページ,,FireShot Capture 034相当 / ルール推敲 2/4ページ,2,49,,,既存辞書ルール。keywordを文字列一致または安全にエスケープした正規表現として検出する。,キャプチャ画面から読み取り。補足欄・管理メモ欄は画面上で全文確認できない箇所があるため、基本コメントを中心に整理。
100,ルール推敲,dictionary,True,ひらがなで書くほうがよい言葉,notice,exact,True,拠って,拠って,よって,OFF,拠って → よって,「よって」とひらがなで書くほうがよいかもしれません。,「よって」とひらがなで書くほうがよいかもしれません。,漢字表記よりも、ひらがな表記のほうが読みやすい可能性があります。読み手や文脈に合わせて、ひらがなに開くことを検討してください。,,,FireShot Capture 034相当 / ルール推敲 2/4ページ,,FireShot Capture 034相当 / ルール推敲 2/4ページ,2,50,,,既存辞書ルール。keywordを文字列一致または安全にエスケープした正規表現として検出する。,キャプチャ画面から読み取り。補足欄・管理メモ欄は画面上で全文確認できない箇所があるため、基本コメントを中心に整理。
101,ルール推敲,dictionary,True,ひらがなで書くほうがよい言葉,notice,exact,True,因って,因って,よって,OFF,因って → よって,「よって」とひらがなで書くほうがよいかもしれません。,「よって」とひらがなで書くほうがよいかもしれません。,漢字表記よりも、ひらがな表記のほうが読みやすい可能性があります。読み手や文脈に合わせて、ひらがなに開くことを検討してください。,,,FireShot Capture 035相当 / ルール推敲 3/4ページ,,FireShot Capture 035相当 / ルール推敲 3/4ページ,3,1,,,既存辞書ルール。keywordを文字列一致または安全にエスケープした正規表現として検出する。,キャプチャ画面から読み取り。補足欄・管理メモ欄は画面上で全文確認できない箇所があるため、基本コメントを中心に整理。
102,ルール推敲,dictionary,True,ひらがなで書くほうがよい言葉,notice,exact,True,僕達,僕達,僕たち,OFF,僕達 → 僕たち,「僕たち」とひらがなで書くほうがよいかもしれません。,「僕たち」とひらがなで書くほうがよいかもしれません。,漢字表記よりも、ひらがな表記のほうが読みやすい可能性があります。読み手や文脈に合わせて、ひらがなに開くことを検討してください。,,,FireShot Capture 035相当 / ルール推敲 3/4ページ,,FireShot Capture 035相当 / ルール推敲 3/4ページ,3,2,,,既存辞書ルール。keywordを文字列一致または安全にエスケープした正規表現として検出する。,キャプチャ画面から読み取り。補足欄・管理メモ欄は画面上で全文確認できない箇所があるため、基本コメントを中心に整理。
103,ルール推敲,dictionary,True,ひらがなで書くほうがよい言葉,notice,exact,True,僅か,僅か,わずか,OFF,僅か → わずか,「わずか」とひらがなで書くほうがよいかもしれません。,「わずか」とひらがなで書くほうがよいかもしれません。,漢字表記よりも、ひらがな表記のほうが読みやすい可能性があります。読み手や文脈に合わせて、ひらがなに開くことを検討してください。,,,FireShot Capture 035相当 / ルール推敲 3/4ページ,,FireShot Capture 035相当 / ルール推敲 3/4ページ,3,3,,,既存辞書ルール。keywordを文字列一致または安全にエスケープした正規表現として検出する。,キャプチャ画面から読み取り。補足欄・管理メモ欄は画面上で全文確認できない箇所があるため、基本コメントを中心に整理。
104,ルール推敲,dictionary,True,ひらがなで書くほうがよい言葉,notice,exact,True,私達,私達,私たち,OFF,私達 → 私たち,「私たち」とひらがなで書くほうがよいかもしれません。,「私たち」とひらがなで書くほうがよいかもしれません。,漢字表記よりも、ひらがな表記のほうが読みやすい可能性があります。読み手や文脈に合わせて、ひらがなに開くことを検討してください。,,,FireShot Capture 035相当 / ルール推敲 3/4ページ,,FireShot Capture 035相当 / ルール推敲 3/4ページ,3,4,,,既存辞書ルール。keywordを文字列一致または安全にエスケープした正規表現として検出する。,キャプチャ画面から読み取り。補足欄・管理メモ欄は画面上で全文確認できない箇所があるため、基本コメントを中心に整理。
105,ルール推敲,dictionary,True,ひらがなで書くほうがよい言葉,notice,exact,True,の様に,の様に,のように,OFF,の様に → のように,「のように」とひらがなで書くほうがよいかもしれません。,「のように」とひらがなで書くほうがよいかもしれません。,漢字表記よりも、ひらがな表記のほうが読みやすい可能性があります。読み手や文脈に合わせて、ひらがなに開くことを検討してください。,,,FireShot Capture 035相当 / ルール推敲 3/4ページ,,FireShot Capture 035相当 / ルール推敲 3/4ページ,3,5,,,既存辞書ルール。keywordを文字列一致または安全にエスケープした正規表現として検出する。,キャプチャ画面から読み取り。補足欄・管理メモ欄は画面上で全文確認できない箇所があるため、基本コメントを中心に整理。
106,ルール推敲,dictionary,True,ひらがなで書くほうがよい言葉,notice,exact,True,割と,割と,わりと,OFF,割と → わりと,「わりと」とひらがなで書くほうがよいかもしれません。,「わりと」とひらがなで書くほうがよいかもしれません。,漢字表記よりも、ひらがな表記のほうが読みやすい可能性があります。読み手や文脈に合わせて、ひらがなに開くことを検討してください。,,,FireShot Capture 035相当 / ルール推敲 3/4ページ,,FireShot Capture 035相当 / ルール推敲 3/4ページ,3,6,,,既存辞書ルール。keywordを文字列一致または安全にエスケープした正規表現として検出する。,キャプチャ画面から読み取り。補足欄・管理メモ欄は画面上で全文確認できない箇所があるため、基本コメントを中心に整理。
107,ルール推敲,dictionary,True,ひらがなで書くほうがよい言葉,notice,exact,True,先程,先程,さきほど,OFF,先程 → さきほど,「さきほど」とひらがなで書くほうがよいかもしれません。,「さきほど」とひらがなで書くほうがよいかもしれません。,漢字表記よりも、ひらがな表記のほうが読みやすい可能性があります。読み手や文脈に合わせて、ひらがなに開くことを検討してください。,,,FireShot Capture 035相当 / ルール推敲 3/4ページ,,FireShot Capture 035相当 / ルール推敲 3/4ページ,3,7,,,既存辞書ルール。keywordを文字列一致または安全にエスケープした正規表現として検出する。,キャプチャ画面から読み取り。補足欄・管理メモ欄は画面上で全文確認できない箇所があるため、基本コメントを中心に整理。
108,ルール推敲,dictionary,True,ひらがなで書くほうがよい言葉,notice,exact,True,分からない,分からない,わからない,OFF,分からない → わからない,「わからない」とひらがなで書くほうがよいかもしれません。,「わからない」とひらがなで書くほうがよいかもしれません。,漢字表記よりも、ひらがな表記のほうが読みやすい可能性があります。読み手や文脈に合わせて、ひらがなに開くことを検討してください。,,,FireShot Capture 035相当 / ルール推敲 3/4ページ,,FireShot Capture 035相当 / ルール推敲 3/4ページ,3,8,,,既存辞書ルール。keywordを文字列一致または安全にエスケープした正規表現として検出する。,キャプチャ画面から読み取り。補足欄・管理メモ欄は画面上で全文確認できない箇所があるため、基本コメントを中心に整理。
109,ルール推敲,dictionary,True,ひらがなで書くほうがよい言葉,notice,exact,True,勿論,勿論,もちろん,OFF,勿論 → もちろん,「もちろん」とひらがなで書くほうがよいかもしれません。,「もちろん」とひらがなで書くほうがよいかもしれません。,漢字表記よりも、ひらがな表記のほうが読みやすい可能性があります。読み手や文脈に合わせて、ひらがなに開くことを検討してください。,,,FireShot Capture 035相当 / ルール推敲 3/4ページ,,FireShot Capture 035相当 / ルール推敲 3/4ページ,3,9,,,既存辞書ルール。keywordを文字列一致または安全にエスケープした正規表現として検出する。,キャプチャ画面から読み取り。補足欄・管理メモ欄は画面上で全文確認できない箇所があるため、基本コメントを中心に整理。
110,ルール推敲,dictionary,True,ひらがなで書くほうがよい言葉,notice,exact,True,子供,子供,子ども,OFF,子供 → 子ども,「子ども」とひらがなで書くほうがよいかもしれません。,「子ども」とひらがなで書くほうがよいかもしれません。,漢字表記よりも、ひらがな表記のほうが読みやすい可能性があります。読み手や文脈に合わせて、ひらがなに開くことを検討してください。,,,FireShot Capture 035相当 / ルール推敲 3/4ページ,,FireShot Capture 035相当 / ルール推敲 3/4ページ,3,10,,,既存辞書ルール。keywordを文字列一致または安全にエスケープした正規表現として検出する。,キャプチャ画面から読み取り。補足欄・管理メモ欄は画面上で全文確認できない箇所があるため、基本コメントを中心に整理。
111,ルール推敲,dictionary,True,ひらがなで書くほうがよい言葉,notice,exact,True,分かり,分かり,わかり,OFF,分かり → わかり,「わかり」とひらがなで書くほうがよいかもしれません。,「わかり」とひらがなで書くほうがよいかもしれません。,漢字表記よりも、ひらがな表記のほうが読みやすい可能性があります。読み手や文脈に合わせて、ひらがなに開くことを検討してください。,,,FireShot Capture 035相当 / ルール推敲 3/4ページ,,FireShot Capture 035相当 / ルール推敲 3/4ページ,3,11,,,既存辞書ルール。keywordを文字列一致または安全にエスケープした正規表現として検出する。,キャプチャ画面から読み取り。補足欄・管理メモ欄は画面上で全文確認できない箇所があるため、基本コメントを中心に整理。
112,ルール推敲,dictionary,True,ひらがなで書くほうがよい言葉,notice,exact,True,良い,良い,よい もしくは「いい」,OFF,良い → よい もしくは「いい」,「よい もしくは「いい」」とひらがなで書くほうがよいかもしれません。,「よい もしくは「いい」」とひらがなで書くほうがよいかもしれません。,漢字表記よりも、ひらがな表記のほうが読みやすい可能性があります。読み手や文脈に合わせて、ひらがなに開くことを検討してください。,,,FireShot Capture 035相当 / ルール推敲 3/4ページ,,FireShot Capture 035相当 / ルール推敲 3/4ページ,3,12,,,既存辞書ルール。keywordを文字列一致または安全にエスケープした正規表現として検出する。,キャプチャ画面から読み取り。補足欄・管理メモ欄は画面上で全文確認できない箇所があるため、基本コメントを中心に整理。
113,ルール推敲,dictionary,True,ひらがなで書くほうがよい言葉,notice,exact,True,解る,解る,わかる,OFF,解る → わかる,「わかる」とひらがなで書くほうがよいかもしれません。,「わかる」とひらがなで書くほうがよいかもしれません。,漢字表記よりも、ひらがな表記のほうが読みやすい可能性があります。読み手や文脈に合わせて、ひらがなに開くことを検討してください。,,,FireShot Capture 035相当 / ルール推敲 3/4ページ,,FireShot Capture 035相当 / ルール推敲 3/4ページ,3,13,,,既存辞書ルール。keywordを文字列一致または安全にエスケープした正規表現として検出する。,キャプチャ画面から読み取り。補足欄・管理メモ欄は画面上で全文確認できない箇所があるため、基本コメントを中心に整理。
114,ルール推敲,dictionary,True,ひらがなで書くほうがよい言葉,notice,exact,True,判る,判る,わかる,OFF,判る → わかる,「わかる」とひらがなで書くほうがよいかもしれません。,「わかる」とひらがなで書くほうがよいかもしれません。,漢字表記よりも、ひらがな表記のほうが読みやすい可能性があります。読み手や文脈に合わせて、ひらがなに開くことを検討してください。,,,FireShot Capture 035相当 / ルール推敲 3/4ページ,,FireShot Capture 035相当 / ルール推敲 3/4ページ,3,14,,,既存辞書ルール。keywordを文字列一致または安全にエスケープした正規表現として検出する。,キャプチャ画面から読み取り。補足欄・管理メモ欄は画面上で全文確認できない箇所があるため、基本コメントを中心に整理。
115,ルール推敲,dictionary,True,ひらがなで書くほうがよい言葉,notice,exact,True,柔らかい,柔らかい,やわらかい,OFF,柔らかい → やわらかい,「やわらかい」とひらがなで書くほうがよいかもしれません。,「やわらかい」とひらがなで書くほうがよいかもしれません。,漢字表記よりも、ひらがな表記のほうが読みやすい可能性があります。読み手や文脈に合わせて、ひらがなに開くことを検討してください。,,,FireShot Capture 035相当 / ルール推敲 3/4ページ,,FireShot Capture 035相当 / ルール推敲 3/4ページ,3,15,,,既存辞書ルール。keywordを文字列一致または安全にエスケープした正規表現として検出する。,キャプチャ画面から読み取り。補足欄・管理メモ欄は画面上で全文確認できない箇所があるため、基本コメントを中心に整理。
116,ルール推敲,dictionary,True,ひらがなで書くほうがよい言葉,notice,exact,True,基づいて,基づいて,もとづいて,OFF,基づいて → もとづいて,「もとづいて」とひらがなで書くほうがよいかもしれません。,「もとづいて」とひらがなで書くほうがよいかもしれません。,漢字表記よりも、ひらがな表記のほうが読みやすい可能性があります。読み手や文脈に合わせて、ひらがなに開くことを検討してください。,,,FireShot Capture 035相当 / ルール推敲 3/4ページ,,FireShot Capture 035相当 / ルール推敲 3/4ページ,3,16,,,既存辞書ルール。keywordを文字列一致または安全にエスケープした正規表現として検出する。,キャプチャ画面から読み取り。補足欄・管理メモ欄は画面上で全文確認できない箇所があるため、基本コメントを中心に整理。
117,ルール推敲,dictionary,True,ひらがなで書くほうがよい言葉,notice,exact,True,基づく,基づく,もとづく,OFF,基づく → もとづく,「もとづく」とひらがなで書くほうがよいかもしれません。,「もとづく」とひらがなで書くほうがよいかもしれません。,漢字表記よりも、ひらがな表記のほうが読みやすい可能性があります。読み手や文脈に合わせて、ひらがなに開くことを検討してください。,,,FireShot Capture 035相当 / ルール推敲 3/4ページ,,FireShot Capture 035相当 / ルール推敲 3/4ページ,3,17,,,既存辞書ルール。keywordを文字列一致または安全にエスケープした正規表現として検出する。,キャプチャ画面から読み取り。補足欄・管理メモ欄は画面上で全文確認できない箇所があるため、基本コメントを中心に整理。
118,ルール推敲,dictionary,True,ひらがなで書くほうがよい言葉,notice,exact,True,真面目に,真面目に,まじめに,OFF,真面目に → まじめに,「まじめに」とひらがなで書くほうがよいかもしれません。,「まじめに」とひらがなで書くほうがよいかもしれません。,漢字表記よりも、ひらがな表記のほうが読みやすい可能性があります。読み手や文脈に合わせて、ひらがなに開くことを検討してください。,,,FireShot Capture 035相当 / ルール推敲 3/4ページ,,FireShot Capture 035相当 / ルール推敲 3/4ページ,3,18,,,既存辞書ルール。keywordを文字列一致または安全にエスケープした正規表現として検出する。,キャプチャ画面から読み取り。補足欄・管理メモ欄は画面上で全文確認できない箇所があるため、基本コメントを中心に整理。
119,ルール推敲,dictionary,True,ひらがなで書くほうがよい言葉,notice,exact,True,二つ,二つ,ふたつ,OFF,二つ → ふたつ,「ふたつ」とひらがなで書くほうがよいかもしれません。,「ふたつ」とひらがなで書くほうがよいかもしれません。,漢字表記よりも、ひらがな表記のほうが読みやすい可能性があります。読み手や文脈に合わせて、ひらがなに開くことを検討してください。,,,FireShot Capture 035相当 / ルール推敲 3/4ページ,,FireShot Capture 035相当 / ルール推敲 3/4ページ,3,19,,,既存辞書ルール。keywordを文字列一致または安全にエスケープした正規表現として検出する。,キャプチャ画面から読み取り。補足欄・管理メモ欄は画面上で全文確認できない箇所があるため、基本コメントを中心に整理。
120,ルール推敲,dictionary,True,ひらがなで書くほうがよい言葉,notice,exact,True,紛らわしい,紛らわしい,まぎらわしい,OFF,紛らわしい → まぎらわしい,「まぎらわしい」とひらがなで書くほうがよいかもしれません。,「まぎらわしい」とひらがなで書くほうがよいかもしれません。,漢字表記よりも、ひらがな表記のほうが読みやすい可能性があります。読み手や文脈に合わせて、ひらがなに開くことを検討してください。,,,FireShot Capture 035相当 / ルール推敲 3/4ページ,,FireShot Capture 035相当 / ルール推敲 3/4ページ,3,20,,,既存辞書ルール。keywordを文字列一致または安全にエスケープした正規表現として検出する。,キャプチャ画面から読み取り。補足欄・管理メモ欄は画面上で全文確認できない箇所があるため、基本コメントを中心に整理。
121,ルール推敲,dictionary,True,ひらがなで書くほうがよい言葉,notice,exact,True,独り,独り,ひとり,OFF,独り → ひとり,「ひとり」とひらがなで書くほうがよいかもしれません。,「ひとり」とひらがなで書くほうがよいかもしれません。,漢字表記よりも、ひらがな表記のほうが読みやすい可能性があります。読み手や文脈に合わせて、ひらがなに開くことを検討してください。,,,FireShot Capture 035相当 / ルール推敲 3/4ページ,,FireShot Capture 035相当 / ルール推敲 3/4ページ,3,21,,,既存辞書ルール。keywordを文字列一致または安全にエスケープした正規表現として検出する。,キャプチャ画面から読み取り。補足欄・管理メモ欄は画面上で全文確認できない箇所があるため、基本コメントを中心に整理。
122,ルール推敲,dictionary,True,ひらがなで書くほうがよい言葉,notice,exact,True,始め,始め,はじめ,OFF,始め → はじめ,「はじめ」とひらがなで書くほうがよいかもしれません。,「はじめ」とひらがなで書くほうがよいかもしれません。,漢字表記よりも、ひらがな表記のほうが読みやすい可能性があります。読み手や文脈に合わせて、ひらがなに開くことを検討してください。,,,FireShot Capture 035相当 / ルール推敲 3/4ページ,,FireShot Capture 035相当 / ルール推敲 3/4ページ,3,22,,,既存辞書ルール。keywordを文字列一致または安全にエスケープした正規表現として検出する。,キャプチャ画面から読み取り。補足欄・管理メモ欄は画面上で全文確認できない箇所があるため、基本コメントを中心に整理。
123,ルール推敲,dictionary,True,ひらがなで書くほうがよい言葉,notice,exact,True,初め,初め,はじめ,OFF,初め → はじめ,「はじめ」とひらがなで書くほうがよいかもしれません。,「はじめ」とひらがなで書くほうがよいかもしれません。,漢字表記よりも、ひらがな表記のほうが読みやすい可能性があります。読み手や文脈に合わせて、ひらがなに開くことを検討してください。,,,FireShot Capture 035相当 / ルール推敲 3/4ページ,,FireShot Capture 035相当 / ルール推敲 3/4ページ,3,23,,,既存辞書ルール。keywordを文字列一致または安全にエスケープした正規表現として検出する。,キャプチャ画面から読み取り。補足欄・管理メモ欄は画面上で全文確認できない箇所があるため、基本コメントを中心に整理。
124,ルール推敲,dictionary,True,ひらがなで書くほうがよい言葉,notice,exact,True,挟んで,挟んで,はさんで,OFF,挟んで → はさんで,「はさんで」とひらがなで書くほうがよいかもしれません。,「はさんで」とひらがなで書くほうがよいかもしれません。,漢字表記よりも、ひらがな表記のほうが読みやすい可能性があります。読み手や文脈に合わせて、ひらがなに開くことを検討してください。,,,FireShot Capture 035相当 / ルール推敲 3/4ページ,,FireShot Capture 035相当 / ルール推敲 3/4ページ,3,24,,,既存辞書ルール。keywordを文字列一致または安全にエスケープした正規表現として検出する。,キャプチャ画面から読み取り。補足欄・管理メモ欄は画面上で全文確認できない箇所があるため、基本コメントを中心に整理。
125,ルール推敲,dictionary,True,ひらがなで書くほうがよい言葉,notice,exact,True,後ほど,後ほど,のちほど,OFF,後ほど → のちほど,「のちほど」とひらがなで書くほうがよいかもしれません。,「のちほど」とひらがなで書くほうがよいかもしれません。,漢字表記よりも、ひらがな表記のほうが読みやすい可能性があります。読み手や文脈に合わせて、ひらがなに開くことを検討してください。,,,FireShot Capture 035相当 / ルール推敲 3/4ページ,,FireShot Capture 035相当 / ルール推敲 3/4ページ,3,25,,,既存辞書ルール。keywordを文字列一致または安全にエスケープした正規表現として検出する。,キャプチャ画面から読み取り。補足欄・管理メモ欄は画面上で全文確認できない箇所があるため、基本コメントを中心に整理。
126,ルール推敲,dictionary,True,ひらがなで書くほうがよい言葉,notice,exact,True,温い,温い,ぬるい,OFF,温い → ぬるい,「ぬるい」とひらがなで書くほうがよいかもしれません。,「ぬるい」とひらがなで書くほうがよいかもしれません。,漢字表記よりも、ひらがな表記のほうが読みやすい可能性があります。読み手や文脈に合わせて、ひらがなに開くことを検討してください。,,,FireShot Capture 035相当 / ルール推敲 3/4ページ,,FireShot Capture 035相当 / ルール推敲 3/4ページ,3,26,,,既存辞書ルール。keywordを文字列一致または安全にエスケープした正規表現として検出する。,キャプチャ画面から読み取り。補足欄・管理メモ欄は画面上で全文確認できない箇所があるため、基本コメントを中心に整理。
127,ルール推敲,dictionary,True,ひらがなで書くほうがよい言葉,notice,exact,True,何となく,何となく,なんとなく,OFF,何となく → なんとなく,「なんとなく」とひらがなで書くほうがよいかもしれません。,「なんとなく」とひらがなで書くほうがよいかもしれません。,漢字表記よりも、ひらがな表記のほうが読みやすい可能性があります。読み手や文脈に合わせて、ひらがなに開くことを検討してください。,,,FireShot Capture 035相当 / ルール推敲 3/4ページ,,FireShot Capture 035相当 / ルール推敲 3/4ページ,3,27,,,既存辞書ルール。keywordを文字列一致または安全にエスケープした正規表現として検出する。,キャプチャ画面から読み取り。補足欄・管理メモ欄は画面上で全文確認できない箇所があるため、基本コメントを中心に整理。
128,ルール推敲,dictionary,True,ひらがなで書くほうがよい言葉,notice,exact,True,直す,直す,なおす,OFF,直す → なおす,「なおす」とひらがなで書くほうがよいかもしれません。,「なおす」とひらがなで書くほうがよいかもしれません。,漢字表記よりも、ひらがな表記のほうが読みやすい可能性があります。読み手や文脈に合わせて、ひらがなに開くことを検討してください。,,,FireShot Capture 035相当 / ルール推敲 3/4ページ,,FireShot Capture 035相当 / ルール推敲 3/4ページ,3,28,,,既存辞書ルール。keywordを文字列一致または安全にエスケープした正規表現として検出する。,キャプチャ画面から読み取り。補足欄・管理メモ欄は画面上で全文確認できない箇所があるため、基本コメントを中心に整理。
129,ルール推敲,dictionary,True,ひらがなで書くほうがよい言葉,notice,exact,True,繋がる,繋がる,つながる,OFF,繋がる → つながる,「つながる」とひらがなで書くほうがよいかもしれません。,「つながる」とひらがなで書くほうがよいかもしれません。,漢字表記よりも、ひらがな表記のほうが読みやすい可能性があります。読み手や文脈に合わせて、ひらがなに開くことを検討してください。,,,FireShot Capture 035相当 / ルール推敲 3/4ページ,,FireShot Capture 035相当 / ルール推敲 3/4ページ,3,29,,,既存辞書ルール。keywordを文字列一致または安全にエスケープした正規表現として検出する。,キャプチャ画面から読み取り。補足欄・管理メモ欄は画面上で全文確認できない箇所があるため、基本コメントを中心に整理。
130,ルール推敲,dictionary,True,ひらがなで書くほうがよい言葉,notice,exact,True,付ける,付ける,つける,OFF,付ける → つける,「つける」とひらがなで書くほうがよいかもしれません。,「つける」とひらがなで書くほうがよいかもしれません。,漢字表記よりも、ひらがな表記のほうが読みやすい可能性があります。読み手や文脈に合わせて、ひらがなに開くことを検討してください。,,,FireShot Capture 035相当 / ルール推敲 3/4ページ,,FireShot Capture 035相当 / ルール推敲 3/4ページ,3,30,,,既存辞書ルール。keywordを文字列一致または安全にエスケープした正規表現として検出する。,キャプチャ画面から読み取り。補足欄・管理メモ欄は画面上で全文確認できない箇所があるため、基本コメントを中心に整理。
131,ルール推敲,dictionary,True,ひらがなで書くほうがよい言葉,notice,exact,True,使う,使う,つかう,OFF,使う → つかう,「つかう」とひらがなで書くほうがよいかもしれません。,「つかう」とひらがなで書くほうがよいかもしれません。,漢字表記よりも、ひらがな表記のほうが読みやすい可能性があります。読み手や文脈に合わせて、ひらがなに開くことを検討してください。,,,FireShot Capture 035相当 / ルール推敲 3/4ページ,,FireShot Capture 035相当 / ルール推敲 3/4ページ,3,31,,,既存辞書ルール。keywordを文字列一致または安全にエスケープした正規表現として検出する。,キャプチャ画面から読み取り。補足欄・管理メモ欄は画面上で全文確認できない箇所があるため、基本コメントを中心に整理。
132,ルール推敲,dictionary,True,ひらがなで書くほうがよい言葉,notice,exact,True,次いで,次いで,ついで,OFF,次いで → ついで,「ついで」とひらがなで書くほうがよいかもしれません。,「ついで」とひらがなで書くほうがよいかもしれません。,漢字表記よりも、ひらがな表記のほうが読みやすい可能性があります。読み手や文脈に合わせて、ひらがなに開くことを検討してください。,,,FireShot Capture 035相当 / ルール推敲 3/4ページ,,FireShot Capture 035相当 / ルール推敲 3/4ページ,3,32,,,既存辞書ルール。keywordを文字列一致または安全にエスケープした正規表現として検出する。,キャプチャ画面から読み取り。補足欄・管理メモ欄は画面上で全文確認できない箇所があるため、基本コメントを中心に整理。
133,ルール推敲,dictionary,True,ひらがなで書くほうがよい言葉,notice,exact,True,確かに,確かに,たしかに,OFF,確かに → たしかに,「たしかに」とひらがなで書くほうがよいかもしれません。,「たしかに」とひらがなで書くほうがよいかもしれません。,漢字表記よりも、ひらがな表記のほうが読みやすい可能性があります。読み手や文脈に合わせて、ひらがなに開くことを検討してください。,,,FireShot Capture 035相当 / ルール推敲 3/4ページ,,FireShot Capture 035相当 / ルール推敲 3/4ページ,3,33,,,既存辞書ルール。keywordを文字列一致または安全にエスケープした正規表現として検出する。,キャプチャ画面から読み取り。補足欄・管理メモ欄は画面上で全文確認できない箇所があるため、基本コメントを中心に整理。
134,ルール推敲,dictionary,True,ひらがなで書くほうがよい言葉,notice,exact,True,過ぎる,過ぎる,すぎる,OFF,過ぎる → すぎる,「すぎる」とひらがなで書くほうがよいかもしれません。,「すぎる」とひらがなで書くほうがよいかもしれません。,漢字表記よりも、ひらがな表記のほうが読みやすい可能性があります。読み手や文脈に合わせて、ひらがなに開くことを検討してください。,,,FireShot Capture 035相当 / ルール推敲 3/4ページ,,FireShot Capture 035相当 / ルール推敲 3/4ページ,3,34,,,既存辞書ルール。keywordを文字列一致または安全にエスケープした正規表現として検出する。,キャプチャ画面から読み取り。補足欄・管理メモ欄は画面上で全文確認できない箇所があるため、基本コメントを中心に整理。
135,ルール推敲,dictionary,True,ひらがなで書くほうがよい言葉,notice,exact,True,面白い,面白い,おもしろい,OFF,面白い → おもしろい,「おもしろい」とひらがなで書くほうがよいかもしれません。,「おもしろい」とひらがなで書くほうがよいかもしれません。,漢字表記よりも、ひらがな表記のほうが読みやすい可能性があります。読み手や文脈に合わせて、ひらがなに開くことを検討してください。,,,FireShot Capture 035相当 / ルール推敲 3/4ページ,,FireShot Capture 035相当 / ルール推敲 3/4ページ,3,35,,,既存辞書ルール。keywordを文字列一致または安全にエスケープした正規表現として検出する。,キャプチャ画面から読み取り。補足欄・管理メモ欄は画面上で全文確認できない箇所があるため、基本コメントを中心に整理。
136,ルール推敲,dictionary,True,ひらがなで書くほうがよい言葉,notice,exact,True,上手く,上手く,うまく,OFF,上手く → うまく,「うまく」とひらがなで書くほうがよいかもしれません。,「うまく」とひらがなで書くほうがよいかもしれません。,漢字表記よりも、ひらがな表記のほうが読みやすい可能性があります。読み手や文脈に合わせて、ひらがなに開くことを検討してください。,,,FireShot Capture 035相当 / ルール推敲 3/4ページ,,FireShot Capture 035相当 / ルール推敲 3/4ページ,3,36,,,既存辞書ルール。keywordを文字列一致または安全にエスケープした正規表現として検出する。,キャプチャ画面から読み取り。補足欄・管理メモ欄は画面上で全文確認できない箇所があるため、基本コメントを中心に整理。
137,ルール推敲,dictionary,True,ひらがなで書くほうがよい言葉,notice,exact,True,分かる,分かる,わかる,OFF,分かる → わかる,「わかる」とひらがなで書くほうがよいかもしれません。,「わかる」とひらがなで書くほうがよいかもしれません。,漢字表記よりも、ひらがな表記のほうが読みやすい可能性があります。読み手や文脈に合わせて、ひらがなに開くことを検討してください。,,,FireShot Capture 035相当 / ルール推敲 3/4ページ,,FireShot Capture 035相当 / ルール推敲 3/4ページ,3,37,,,既存辞書ルール。keywordを文字列一致または安全にエスケープした正規表現として検出する。,キャプチャ画面から読み取り。補足欄・管理メモ欄は画面上で全文確認できない箇所があるため、基本コメントを中心に整理。
138,ルール推敲,dictionary,True,ひらがなで書くほうがよい言葉,notice,exact,True,言う,言う,いう,OFF,言う → いう,「いう」とひらがなで書くほうがよいかもしれません。,「いう」とひらがなで書くほうがよいかもしれません。,漢字表記よりも、ひらがな表記のほうが読みやすい可能性があります。読み手や文脈に合わせて、ひらがなに開くことを検討してください。,,,FireShot Capture 035相当 / ルール推敲 3/4ページ,,FireShot Capture 035相当 / ルール推敲 3/4ページ,3,38,,,既存辞書ルール。keywordを文字列一致または安全にエスケープした正規表現として検出する。,キャプチャ画面から読み取り。補足欄・管理メモ欄は画面上で全文確認できない箇所があるため、基本コメントを中心に整理。
139,ルール推敲,dictionary,True,ひらがなで書くほうがよい言葉,notice,exact,True,持つ,持つ,もつ,OFF,持つ → もつ,「もつ」とひらがなで書くほうがよいかもしれません。,「もつ」とひらがなで書くほうがよいかもしれません。,漢字表記よりも、ひらがな表記のほうが読みやすい可能性があります。読み手や文脈に合わせて、ひらがなに開くことを検討してください。,,,FireShot Capture 035相当 / ルール推敲 3/4ページ,,FireShot Capture 035相当 / ルール推敲 3/4ページ,3,39,,,既存辞書ルール。keywordを文字列一致または安全にエスケープした正規表現として検出する。,キャプチャ画面から読み取り。補足欄・管理メモ欄は画面上で全文確認できない箇所があるため、基本コメントを中心に整理。
140,ルール推敲,dictionary,True,ひらがなで書くほうがよい言葉,notice,exact,True,特に,特に,とくに,OFF,特に → とくに,「とくに」とひらがなで書くほうがよいかもしれません。,「とくに」とひらがなで書くほうがよいかもしれません。,漢字表記よりも、ひらがな表記のほうが読みやすい可能性があります。読み手や文脈に合わせて、ひらがなに開くことを検討してください。,,,FireShot Capture 035相当 / ルール推敲 3/4ページ,,FireShot Capture 035相当 / ルール推敲 3/4ページ,3,40,,,既存辞書ルール。keywordを文字列一致または安全にエスケープした正規表現として検出する。,キャプチャ画面から読み取り。補足欄・管理メモ欄は画面上で全文確認できない箇所があるため、基本コメントを中心に整理。
141,ルール推敲,dictionary,True,ひらがなで書くほうがよい言葉,notice,exact,True,子供達,子供達,子供たち,OFF,子供達 → 子供たち,「子供たち」とひらがなで書くほうがよいかもしれません。,「子供たち」とひらがなで書くほうがよいかもしれません。,漢字表記よりも、ひらがな表記のほうが読みやすい可能性があります。読み手や文脈に合わせて、ひらがなに開くことを検討してください。,,,FireShot Capture 035相当 / ルール推敲 3/4ページ,,FireShot Capture 035相当 / ルール推敲 3/4ページ,3,41,,,既存辞書ルール。keywordを文字列一致または安全にエスケープした正規表現として検出する。,キャプチャ画面から読み取り。補足欄・管理メモ欄は画面上で全文確認できない箇所があるため、基本コメントを中心に整理。
142,ルール推敲,dictionary,True,ひらがなで書くほうがよい言葉,notice,exact,True,但し,但し,ただし,OFF,但し → ただし,「ただし」とひらがなで書くほうがよいかもしれません。,「ただし」とひらがなで書くほうがよいかもしれません。,漢字表記よりも、ひらがな表記のほうが読みやすい可能性があります。読み手や文脈に合わせて、ひらがなに開くことを検討してください。,,,FireShot Capture 035相当 / ルール推敲 3/4ページ,,FireShot Capture 035相当 / ルール推敲 3/4ページ,3,42,,,既存辞書ルール。keywordを文字列一致または安全にエスケープした正規表現として検出する。,キャプチャ画面から読み取り。補足欄・管理メモ欄は画面上で全文確認できない箇所があるため、基本コメントを中心に整理。
143,ルール推敲,dictionary,True,ひらがなで書くほうがよい言葉,notice,exact,True,是非,是非,ぜひ,OFF,是非 → ぜひ,「ぜひ」とひらがなで書くほうがよいかもしれません。,「ぜひ」とひらがなで書くほうがよいかもしれません。,漢字表記よりも、ひらがな表記のほうが読みやすい可能性があります。読み手や文脈に合わせて、ひらがなに開くことを検討してください。,,,FireShot Capture 035相当 / ルール推敲 3/4ページ,,FireShot Capture 035相当 / ルール推敲 3/4ページ,3,43,,,既存辞書ルール。keywordを文字列一致または安全にエスケープした正規表現として検出する。,キャプチャ画面から読み取り。補足欄・管理メモ欄は画面上で全文確認できない箇所があるため、基本コメントを中心に整理。
144,ルール推敲,dictionary,True,ひらがなで書くほうがよい言葉,notice,exact,True,暫く,暫く,しばらく,OFF,暫く → しばらく,「しばらく」とひらがなで書くほうがよいかもしれません。,「しばらく」とひらがなで書くほうがよいかもしれません。,漢字表記よりも、ひらがな表記のほうが読みやすい可能性があります。読み手や文脈に合わせて、ひらがなに開くことを検討してください。,,,FireShot Capture 035相当 / ルール推敲 3/4ページ,,FireShot Capture 035相当 / ルール推敲 3/4ページ,3,44,,,既存辞書ルール。keywordを文字列一致または安全にエスケープした正規表現として検出する。,キャプチャ画面から読み取り。補足欄・管理メモ欄は画面上で全文確認できない箇所があるため、基本コメントを中心に整理。
145,ルール推敲,dictionary,True,ひらがなで書くほうがよい言葉,notice,exact,True,所謂,所謂,いわゆる,OFF,所謂 → いわゆる,「いわゆる」とひらがなで書くほうがよいかもしれません。,「いわゆる」とひらがなで書くほうがよいかもしれません。,漢字表記よりも、ひらがな表記のほうが読みやすい可能性があります。読み手や文脈に合わせて、ひらがなに開くことを検討してください。,,,FireShot Capture 035相当 / ルール推敲 3/4ページ,,FireShot Capture 035相当 / ルール推敲 3/4ページ,3,45,,,既存辞書ルール。keywordを文字列一致または安全にエスケープした正規表現として検出する。,キャプチャ画面から読み取り。補足欄・管理メモ欄は画面上で全文確認できない箇所があるため、基本コメントを中心に整理。
146,ルール推敲,dictionary,True,ひらがなで書くほうがよい言葉,notice,exact,True,戴く,戴く,いただく,OFF,戴く → いただく,「いただく」とひらがなで書くほうがよいかもしれません。,「いただく」とひらがなで書くほうがよいかもしれません。,漢字表記よりも、ひらがな表記のほうが読みやすい可能性があります。読み手や文脈に合わせて、ひらがなに開くことを検討してください。,,,FireShot Capture 035相当 / ルール推敲 3/4ページ,,FireShot Capture 035相当 / ルール推敲 3/4ページ,3,46,,,既存辞書ルール。keywordを文字列一致または安全にエスケープした正規表現として検出する。,キャプチャ画面から読み取り。補足欄・管理メモ欄は画面上で全文確認できない箇所があるため、基本コメントを中心に整理。
147,ルール推敲,dictionary,True,ひらがなで書くほうがよい言葉,notice,exact,True,頂く,頂く,いただく,OFF,頂く → いただく,「いただく」とひらがなで書くほうがよいかもしれません。,「いただく」とひらがなで書くほうがよいかもしれません。,漢字表記よりも、ひらがな表記のほうが読みやすい可能性があります。読み手や文脈に合わせて、ひらがなに開くことを検討してください。,,,FireShot Capture 035相当 / ルール推敲 3/4ページ,,FireShot Capture 035相当 / ルール推敲 3/4ページ,3,47,,,既存辞書ルール。keywordを文字列一致または安全にエスケープした正規表現として検出する。,キャプチャ画面から読み取り。補足欄・管理メモ欄は画面上で全文確認できない箇所があるため、基本コメントを中心に整理。
148,ルール推敲,dictionary,True,ひらがなで書くほうがよい言葉,notice,exact,True,致します,致します,いたします,OFF,致します → いたします,「いたします」とひらがなで書くほうがよいかもしれません。,「いたします」とひらがなで書くほうがよいかもしれません。,漢字表記よりも、ひらがな表記のほうが読みやすい可能性があります。読み手や文脈に合わせて、ひらがなに開くことを検討してください。,,,FireShot Capture 035相当 / ルール推敲 3/4ページ,,FireShot Capture 035相当 / ルール推敲 3/4ページ,3,48,,,既存辞書ルール。keywordを文字列一致または安全にエスケープした正規表現として検出する。,キャプチャ画面から読み取り。補足欄・管理メモ欄は画面上で全文確認できない箇所があるため、基本コメントを中心に整理。
149,ルール推敲,dictionary,True,ひらがなで書くほうがよい言葉,notice,exact,True,併せて,併せて,あわせて,OFF,併せて → あわせて,「あわせて」とひらがなで書くほうがよいかもしれません。,「あわせて」とひらがなで書くほうがよいかもしれません。,漢字表記よりも、ひらがな表記のほうが読みやすい可能性があります。読み手や文脈に合わせて、ひらがなに開くことを検討してください。,,,FireShot Capture 035相当 / ルール推敲 3/4ページ,,FireShot Capture 035相当 / ルール推敲 3/4ページ,3,49,,,既存辞書ルール。keywordを文字列一致または安全にエスケープした正規表現として検出する。,キャプチャ画面から読み取り。補足欄・管理メモ欄は画面上で全文確認できない箇所があるため、基本コメントを中心に整理。
150,ルール推敲,dictionary,True,ひらがなで書くほうがよい言葉,notice,exact,True,改めて,改めて,あらためて,OFF,改めて → あらためて,「あらためて」とひらがなで書くほうがよいかもしれません。,「あらためて」とひらがなで書くほうがよいかもしれません。,漢字表記よりも、ひらがな表記のほうが読みやすい可能性があります。読み手や文脈に合わせて、ひらがなに開くことを検討してください。,,,FireShot Capture 035相当 / ルール推敲 3/4ページ,,FireShot Capture 035相当 / ルール推敲 3/4ページ,3,50,,,既存辞書ルール。keywordを文字列一致または安全にエスケープした正規表現として検出する。,キャプチャ画面から読み取り。補足欄・管理メモ欄は画面上で全文確認できない箇所があるため、基本コメントを中心に整理。
151,ルール推敲,dictionary,True,ひらがなで書くほうがよい言葉,notice,exact,True,予め,予め,あらかじめ,OFF,予め → あらかじめ,「あらかじめ」とひらがなで書くほうがよいかもしれません。,「あらかじめ」とひらがなで書くほうがよいかもしれません。,漢字表記よりも、ひらがな表記のほうが読みやすい可能性があります。読み手や文脈に合わせて、ひらがなに開くことを検討してください。,,,FireShot Capture 036相当 / ルール推敲 4/4ページ,,FireShot Capture 036相当 / ルール推敲 4/4ページ,4,1,,,既存辞書ルール。keywordを文字列一致または安全にエスケープした正規表現として検出する。,キャプチャ画面から読み取り。補足欄・管理メモ欄は画面上で全文確認できない箇所があるため、基本コメントを中心に整理。
152,ルール推敲,dictionary,True,ひらがなで書くほうがよい言葉,notice,exact,True,貴女,貴女,あなた,OFF,貴女 → あなた,「あなた」とひらがなで書くほうがよいかもしれません。,「あなた」とひらがなで書くほうがよいかもしれません。,漢字表記よりも、ひらがな表記のほうが読みやすい可能性があります。読み手や文脈に合わせて、ひらがなに開くことを検討してください。,,,FireShot Capture 036相当 / ルール推敲 4/4ページ,,FireShot Capture 036相当 / ルール推敲 4/4ページ,4,2,,,既存辞書ルール。keywordを文字列一致または安全にエスケープした正規表現として検出する。,キャプチャ画面から読み取り。補足欄・管理メモ欄は画面上で全文確認できない箇所があるため、基本コメントを中心に整理。
153,ルール推敲,dictionary,True,ひらがなで書くほうがよい言葉,notice,exact,True,貴方,貴方,あなた,OFF,貴方 → あなた,「あなた」とひらがなで書くほうがよいかもしれません。,「あなた」とひらがなで書くほうがよいかもしれません。,漢字表記よりも、ひらがな表記のほうが読みやすい可能性があります。読み手や文脈に合わせて、ひらがなに開くことを検討してください。,,,FireShot Capture 036相当 / ルール推敲 4/4ページ,,FireShot Capture 036相当 / ルール推敲 4/4ページ,4,3,,,既存辞書ルール。keywordを文字列一致または安全にエスケープした正規表現として検出する。,キャプチャ画面から読み取り。補足欄・管理メモ欄は画面上で全文確認できない箇所があるため、基本コメントを中心に整理。
154,ルール推敲,dictionary,True,ひらがなで書くほうがよい言葉,notice,exact,True,敢えて,敢えて,あえて,OFF,敢えて → あえて,「あえて」とひらがなで書くほうがよいかもしれません。,「あえて」とひらがなで書くほうがよいかもしれません。,漢字表記よりも、ひらがな表記のほうが読みやすい可能性があります。読み手や文脈に合わせて、ひらがなに開くことを検討してください。,,,FireShot Capture 036相当 / ルール推敲 4/4ページ,,FireShot Capture 036相当 / ルール推敲 4/4ページ,4,4,,,既存辞書ルール。keywordを文字列一致または安全にエスケープした正規表現として検出する。,キャプチャ画面から読み取り。補足欄・管理メモ欄は画面上で全文確認できない箇所があるため、基本コメントを中心に整理。
155,ルール推敲,dictionary,True,ひらがなで書くほうがよい言葉,notice,exact,True,例えば,例えば,たとえば,OFF,例えば → たとえば,「たとえば」とひらがなで書くほうがよいかもしれません。,「たとえば」とひらがなで書くほうがよいかもしれません。,漢字表記よりも、ひらがな表記のほうが読みやすい可能性があります。読み手や文脈に合わせて、ひらがなに開くことを検討してください。,,,FireShot Capture 036相当 / ルール推敲 4/4ページ,,FireShot Capture 036相当 / ルール推敲 4/4ページ,4,5,,,既存辞書ルール。keywordを文字列一致または安全にエスケープした正規表現として検出する。,キャプチャ画面から読み取り。補足欄・管理メモ欄は画面上で全文確認できない箇所があるため、基本コメントを中心に整理。
156,ルール推敲,dictionary,True,漢字で書くほうがよい言葉,notice,exact,True,ひとつ一つ,ひとつ一つ,一つひとつ,OFF,ひとつ一つ → 一つひとつ,「一つひとつ」と漢字で書くほうがよいかもしれません。,「一つひとつ」と漢字で書くほうがよいかもしれません。,表記を統一するため、推奨ワードへの置き換えを検討してください。,,,FireShot Capture 036相当 / ルール推敲 4/4ページ,,FireShot Capture 036相当 / ルール推敲 4/4ページ,4,6,,,既存辞書ルール。keywordを文字列一致または安全にエスケープした正規表現として検出する。,キャプチャ画面から読み取り。補足欄・管理メモ欄は画面上で全文確認できない箇所があるため、基本コメントを中心に整理。
157,ルール推敲,dictionary,True,漢字で書くほうがよい言葉,notice,exact,True,ひとつひとつ,ひとつひとつ,一つひとつ,OFF,ひとつひとつ → 一つひとつ,「一つひとつ」と漢字で書くほうがよいかもしれません。,「一つひとつ」と漢字で書くほうがよいかもしれません。,表記を統一するため、推奨ワードへの置き換えを検討してください。,,,FireShot Capture 036相当 / ルール推敲 4/4ページ,,FireShot Capture 036相当 / ルール推敲 4/4ページ,4,7,,,既存辞書ルール。keywordを文字列一致または安全にエスケープした正規表現として検出する。,キャプチャ画面から読み取り。補足欄・管理メモ欄は画面上で全文確認できない箇所があるため、基本コメントを中心に整理。
158,ルール推敲,dictionary,True,漢字で書くほうがよい言葉,notice,exact,True,ひとりひとり,ひとりひとり,一人ひとり,OFF,ひとりひとり → 一人ひとり,「一人ひとり」と漢字で書くほうがよいかもしれません。,「一人ひとり」と漢字で書くほうがよいかもしれません。,表記を統一するため、推奨ワードへの置き換えを検討してください。,,,FireShot Capture 036相当 / ルール推敲 4/4ページ,,FireShot Capture 036相当 / ルール推敲 4/4ページ,4,8,,,既存辞書ルール。keywordを文字列一致または安全にエスケープした正規表現として検出する。,キャプチャ画面から読み取り。補足欄・管理メモ欄は画面上で全文確認できない箇所があるため、基本コメントを中心に整理。
159,ルール推敲,dictionary,True,カタカナで書くほうがよい言葉,notice,exact,True,滅茶苦茶,滅茶苦茶,メチャクチャ,OFF,滅茶苦茶 → メチャクチャ,「メチャクチャ」とカタカナで書くほうがよいかもしれません。,「メチャクチャ」とカタカナで書くほうがよいかもしれません。,表記を統一するため、推奨ワードへの置き換えを検討してください。,,,FireShot Capture 036相当 / ルール推敲 4/4ページ,,FireShot Capture 036相当 / ルール推敲 4/4ページ,4,9,,,既存辞書ルール。keywordを文字列一致または安全にエスケープした正規表現として検出する。,キャプチャ画面から読み取り。補足欄・管理メモ欄は画面上で全文確認できない箇所があるため、基本コメントを中心に整理。
160,ルール推敲,dictionary,True,カタカナで書くほうがよい言葉,notice,exact,True,目処,目処,メド,OFF,目処 → メド,「メド」とカタカナで書くほうがよいかもしれません。,「メド」とカタカナで書くほうがよいかもしれません。,表記を統一するため、推奨ワードへの置き換えを検討してください。,,,FireShot Capture 036相当 / ルール推敲 4/4ページ,,FireShot Capture 036相当 / ルール推敲 4/4ページ,4,10,,,既存辞書ルール。keywordを文字列一致または安全にエスケープした正規表現として検出する。,キャプチャ画面から読み取り。補足欄・管理メモ欄は画面上で全文確認できない箇所があるため、基本コメントを中心に整理。
161,ルール推敲,dictionary,True,カタカナで書くほうがよい言葉,notice,exact,True,目途,目途,メド,OFF,目途 → メド,「メド」とカタカナで書くほうがよいかもしれません。,「メド」とカタカナで書くほうがよいかもしれません。,表記を統一するため、推奨ワードへの置き換えを検討してください。,,,FireShot Capture 036相当 / ルール推敲 4/4ページ,,FireShot Capture 036相当 / ルール推敲 4/4ページ,4,11,,,既存辞書ルール。keywordを文字列一致または安全にエスケープした正規表現として検出する。,キャプチャ画面から読み取り。補足欄・管理メモ欄は画面上で全文確認できない箇所があるため、基本コメントを中心に整理。
162,ルール推敲,dictionary,True,カタカナで書くほうがよい言葉,notice,exact,True,括弧,括弧,カッコ,OFF,括弧 → カッコ,「カッコ」とカタカナで書くほうがよいかもしれません。,「カッコ」とカタカナで書くほうがよいかもしれません。,表記を統一するため、推奨ワードへの置き換えを検討してください。,,,FireShot Capture 036相当 / ルール推敲 4/4ページ,,FireShot Capture 036相当 / ルール推敲 4/4ページ,4,12,,,既存辞書ルール。keywordを文字列一致または安全にエスケープした正規表現として検出する。,キャプチャ画面から読み取り。補足欄・管理メモ欄は画面上で全文確認できない箇所があるため、基本コメントを中心に整理。
163,ルール推敲,dictionary,True,カタカナで書くほうがよい言葉,notice,exact,True,ハマル,ハマル,ハマる,OFF,ハマル → ハマる,「ハマる」とカタカナで書くほうがよいかもしれません。,「ハマる」とカタカナで書くほうがよいかもしれません。,表記を統一するため、推奨ワードへの置き換えを検討してください。,,,FireShot Capture 036相当 / ルール推敲 4/4ページ,,FireShot Capture 036相当 / ルール推敲 4/4ページ,4,13,,,既存辞書ルール。keywordを文字列一致または安全にエスケープした正規表現として検出する。,キャプチャ画面から読み取り。補足欄・管理メモ欄は画面上で全文確認できない箇所があるため、基本コメントを中心に整理。
164,ルール推敲,dictionary,True,カタカナで書くほうがよい言葉,notice,exact,True,つらい,つらい,ツライ,OFF,つらい → ツライ,「ツライ」とカタカナで書くほうがよいかもしれません。,「ツライ」とカタカナで書くほうがよいかもしれません。,表記を統一するため、推奨ワードへの置き換えを検討してください。,,,FireShot Capture 036相当 / ルール推敲 4/4ページ,,FireShot Capture 036相当 / ルール推敲 4/4ページ,4,14,,,既存辞書ルール。keywordを文字列一致または安全にエスケープした正規表現として検出する。,キャプチャ画面から読み取り。補足欄・管理メモ欄は画面上で全文確認できない箇所があるため、基本コメントを中心に整理。
165,ルール推敲,dictionary,True,カタカナで書くほうがよい言葉,notice,exact,True,辛い,辛い,ツライ,OFF,辛い → ツライ,「ツライ」とカタカナで書くほうがよいかもしれません。,「ツライ」とカタカナで書くほうがよいかもしれません。,表記を統一するため、推奨ワードへの置き換えを検討してください。,,,FireShot Capture 036相当 / ルール推敲 4/4ページ,,FireShot Capture 036相当 / ルール推敲 4/4ページ,4,15,,,既存辞書ルール。keywordを文字列一致または安全にエスケープした正規表現として検出する。,キャプチャ画面から読み取り。補足欄・管理メモ欄は画面上で全文確認できない箇所があるため、基本コメントを中心に整理。
166,ルール推敲,dictionary,True,カタカナで書くほうがよい言葉,notice,exact,True,うんちく,うんちく,ウンチク,OFF,うんちく → ウンチク,「ウンチク」とカタカナで書くほうがよいかもしれません。,「ウンチク」とカタカナで書くほうがよいかもしれません。,表記を統一するため、推奨ワードへの置き換えを検討してください。,,,FireShot Capture 036相当 / ルール推敲 4/4ページ,,FireShot Capture 036相当 / ルール推敲 4/4ページ,4,16,,,既存辞書ルール。keywordを文字列一致または安全にエスケープした正規表現として検出する。,キャプチャ画面から読み取り。補足欄・管理メモ欄は画面上で全文確認できない箇所があるため、基本コメントを中心に整理。
167,ルール推敲,dictionary,True,カタカナで書くほうがよい言葉,notice,exact,True,めりはり,めりはり,メリハリ,OFF,めりはり → メリハリ,「メリハリ」とカタカナで書くほうがよいかもしれません。,「メリハリ」とカタカナで書くほうがよいかもしれません。,表記を統一するため、推奨ワードへの置き換えを検討してください。,,,FireShot Capture 036相当 / ルール推敲 4/4ページ,,FireShot Capture 036相当 / ルール推敲 4/4ページ,4,17,,,既存辞書ルール。keywordを文字列一致または安全にエスケープした正規表現として検出する。,キャプチャ画面から読み取り。補足欄・管理メモ欄は画面上で全文確認できない箇所があるため、基本コメントを中心に整理。
168,ルール推敲,dictionary,True,カタカナで書くほうがよい言葉,notice,exact,True,減り張り,減り張り,メリハリ,OFF,減り張り → メリハリ,「メリハリ」とカタカナで書くほうがよいかもしれません。,「メリハリ」とカタカナで書くほうがよいかもしれません。,表記を統一するため、推奨ワードへの置き換えを検討してください。,,,FireShot Capture 036相当 / ルール推敲 4/4ページ,,FireShot Capture 036相当 / ルール推敲 4/4ページ,4,18,,,既存辞書ルール。keywordを文字列一致または安全にエスケープした正規表現として検出する。,キャプチャ画面から読み取り。補足欄・管理メモ欄は画面上で全文確認できない箇所があるため、基本コメントを中心に整理。
169,ルール推敲,dictionary,True,カタカナで書くほうがよい言葉,notice,exact,True,蘊蓄,蘊蓄,ウンチク,OFF,蘊蓄 → ウンチク,「ウンチク」とカタカナで書くほうがよいかもしれません。,「ウンチク」とカタカナで書くほうがよいかもしれません。,表記を統一するため、推奨ワードへの置き換えを検討してください。,,,FireShot Capture 036相当 / ルール推敲 4/4ページ,,FireShot Capture 036相当 / ルール推敲 4/4ページ,4,19,,,既存辞書ルール。keywordを文字列一致または安全にエスケープした正規表現として検出する。,キャプチャ画面から読み取り。補足欄・管理メモ欄は画面上で全文確認できない箇所があるため、基本コメントを中心に整理。
170,ルール推敲,dictionary,True,カタカナで書くほうがよい言葉,notice,exact,True,無駄,無駄,ムダ,OFF,無駄 → ムダ,「ムダ」とカタカナで書くほうがよいかもしれません。,「ムダ」とカタカナで書くほうがよいかもしれません。,表記を統一するため、推奨ワードへの置き換えを検討してください。,,,FireShot Capture 036相当 / ルール推敲 4/4ページ,,FireShot Capture 036相当 / ルール推敲 4/4ページ,4,20,,,既存辞書ルール。keywordを文字列一致または安全にエスケープした正規表現として検出する。,キャプチャ画面から読み取り。補足欄・管理メモ欄は画面上で全文確認できない箇所があるため、基本コメントを中心に整理。
171,ルール推敲,dictionary,True,カタカナで書くほうがよい言葉,notice,exact,True,無理,無理,ムリ,OFF,無理 → ムリ,「ムリ」とカタカナで書くほうがよいかもしれません。,「ムリ」とカタカナで書くほうがよいかもしれません。,表記を統一するため、推奨ワードへの置き換えを検討してください。,,,FireShot Capture 036相当 / ルール推敲 4/4ページ,,FireShot Capture 036相当 / ルール推敲 4/4ページ,4,21,,,既存辞書ルール。keywordを文字列一致または安全にエスケープした正規表現として検出する。,キャプチャ画面から読み取り。補足欄・管理メモ欄は画面上で全文確認できない箇所があるため、基本コメントを中心に整理。
172,チェックリスト,manual_checklist,True,わかりやすさのチェックリスト,info,manual,False,,,,,「箇条書き」を用いて、整理できる箇所はありませんか？,,「箇条書き」を用いて、整理できる箇所はありませんか？,"複数の項目を含む文章の場合、箇条書きを用いて整理するとわかりやすくなります。

【before】
白ワインには、シャルドネとソーヴィニヨン・ブランとリースリングという有名なブドウ品種があるんです。
↓
【after】
白ワインを学ぶ上で知っておくべきブドウ品種は以下の3つです。

1．シャルドネ
2．ソーヴィニヨン・ブラン
3．リースリング",,,貼り付けられたHTMLソース / チェックリスト画面,,貼り付けられたHTMLソース / チェックリスト画面,,,,,既存辞書ルール。keywordを文字列一致または安全にエスケープした正規表現として検出する。,HTMLソース・既存JSONから取得。
173,チェックリスト,manual_checklist,True,わかりやすさのチェックリスト,info,manual,False,,,,,短く、シンプルに略せる文章はありませんか？,,短く、シンプルに略せる文章はありませんか？,"同じ意味であれば、文章は短くしたほうが読みやすくなります。

【before】
ライティングにおける非常に重要なポイントは、書いた文章をいかに素早く推敲することができるかです。
↓
【after】
ライティングの重要なポイントは、書いた文章をできるだけ素早く推敲することです。",,,貼り付けられたHTMLソース / チェックリスト画面,,貼り付けられたHTMLソース / チェックリスト画面,,,,,既存辞書ルール。keywordを文字列一致または安全にエスケープした正規表現として検出する。,HTMLソース・既存JSONから取得。
174,チェックリスト,manual_checklist,True,わかりやすさのチェックリスト,info,manual,False,,,,,「主語」と「述語」の距離は近いですか？,,「主語」と「述語」の距離は近いですか？,"主語と述語の距離を近くしたほうが、わかりやすい文章になります。

【before】
そのボクサーは2019年10月、後楽園ホールにて、チャンピオンベルトを巻いた。
↓
【after】
2019年10月、後楽園ホールにて、そのボクサーはチャンピオンベルトを巻いた。",,,貼り付けられたHTMLソース / チェックリスト画面,,貼り付けられたHTMLソース / チェックリスト画面,,,,,既存辞書ルール。keywordを文字列一致または安全にエスケープした正規表現として検出する。,HTMLソース・既存JSONから取得。
175,チェックリスト,manual_checklist,True,わかりやすさのチェックリスト,info,manual,False,,,,,長い修飾語は「前」に、短い修飾語は「後」に書いていますか？,,長い修飾語は「前」に、短い修飾語は「後」に書いていますか？,"長い修飾語は「前」に、短い修飾語は「後」に書くことで、わかりやすい文章になります。

【before】
赤色の買ったばかりのPC
↓
【after】
買ったばかりの赤色のPC",,,貼り付けられたHTMLソース / チェックリスト画面,,貼り付けられたHTMLソース / チェックリスト画面,,,,,既存辞書ルール。keywordを文字列一致または安全にエスケープした正規表現として検出する。,HTMLソース・既存JSONから取得。
176,チェックリスト,manual_checklist,True,わかりやすさのチェックリスト,info,manual,False,,,,,大きな状況は「前」に、小さな状況は「後」に書いていますか？,,大きな状況は「前」に、小さな状況は「後」に書いていますか？,"大きな状況は「前」に、小さな状況は「後」に書くことで、わかりやすい文章になります。

【before】
お台場海浜公園で、2019年の12月、有志によるクリスマスイベントが開かれます。
↓
【after】
2019年の12月、お台場海浜公園で、有志によるクリスマスイベントが開かれます。",,,貼り付けられたHTMLソース / チェックリスト画面,,貼り付けられたHTMLソース / チェックリスト画面,,,,,既存辞書ルール。keywordを文字列一致または安全にエスケープした正規表現として検出する。,HTMLソース・既存JSONから取得。
177,チェックリスト,manual_checklist,True,わかりやすさのチェックリスト,info,manual,False,,,,,三つ以上の語句を並べる場合は、「と」「や」などは最初にもってきていますか？,,三つ以上の語句を並べる場合は、「と」「や」などは最初にもってきていますか？,"三つ以上の語句を並べる場合は、「と」「や」などは先にもってくると、わかりやすい文章になります。

【before】
東京、京都や大阪に行ってみたい。
↓
【after】
東京や京都、大阪に行ってみたい。",,,貼り付けられたHTMLソース / チェックリスト画面,,貼り付けられたHTMLソース / チェックリスト画面,,,,,既存辞書ルール。keywordを文字列一致または安全にエスケープした正規表現として検出する。,HTMLソース・既存JSONから取得。
178,チェックリスト,manual_checklist,True,わかりやすさのチェックリスト,info,manual,False,,,,,「指示代名詞」を使い過ぎていませんか？,,「指示代名詞」を使い過ぎていませんか？,"指示語が多すぎると、読み手が「その指示語は何を指していたのか？」がわからなくなるケースがあります。
よって、指示語はあえて少し減らし、「普通名詞」「固有名詞」を多めに使ったほうがよいでしょう。
（とくに、スマートフォンで斜め読みする人にとっては、「普通名詞」「固有名詞」が多めのほうが内容を理解しやすくなります）

【before】
イタリアワインは多彩な表情をもったワインです。
このワインの勢いは本物です。
なぜなら、このワインは、ブドウが不作だった2014年を除き、2012年からワイン生産量の世界一をキープしているからです。
↓
【after】
イタリアワインは多彩な表情をもったワインです。
イタリアワインの勢いは本物です。
なぜなら、イタリアワインは、ブドウが不作だった2014年を除き、2012年からワイン生産量の世界一をキープしているからです。",,,貼り付けられたHTMLソース / チェックリスト画面,,貼り付けられたHTMLソース / チェックリスト画面,,,,,既存辞書ルール。keywordを文字列一致または安全にエスケープした正規表現として検出する。,HTMLソース・既存JSONから取得。
179,チェックリスト,manual_checklist,True,わかりやすさのチェックリスト,info,manual,False,,,,,できるだけ最初に「結論」を書くようにしていますか？,,できるだけ最初に「結論」を書くようにしていますか？,"できるだけ最初に結論をもってくるほうが、読み手のモチベーションが続きやすく、完読してもらいやすくなります。
「結論　→　理由　→　事例（具体例）　→　再度結論を伝える」という「PREP法」を意識するとよいでしょう。

P＝Point（結論）
R＝Reason（理由）
E＝Example（事例、具体例）
P＝Point（結論を繰り返す）

●例文
ライティングでもっとも大切なことは「読み手が欲しい情報」を届けることです。
なぜなら、多くの読み手は文章を読みたいわけではなく、情報を知りたいだけだからです。

たとえば、あなたにとって重要な情報が書かれている記事があったとします。
その記事に誤字脱字が少しあったとして、読まない理由になるでしょうか？
おそらく、多少の誤字脱字があったとしても、最後まで読んでしまうはずです。

よって、ライティングでもっとも大切なことは、「読み手が欲しい情報」を届けることだといえるのです。",,,貼り付けられたHTMLソース / チェックリスト画面,,貼り付けられたHTMLソース / チェックリスト画面,,,,,既存辞書ルール。keywordを文字列一致または安全にエスケープした正規表現として検出する。,HTMLソース・既存JSONから取得。
180,チェックリスト,manual_checklist,True,わかりやすさのチェックリスト,info,manual,False,,,,,読み手に共感してもらうための「感情表現」は意識していますか？,,読み手に共感してもらうための「感情表現」は意識していますか？,"たとえば「話し言葉」が使える文章であれば、以下のような「話し言葉」を入れると、あなたの感情が相手に伝わりやすくなり、相手が共感しやすくなります。
感情が見えない文章には、人は共感しにくいものです。
共感してほしいのであれば、あなたの感情が宿った文章を書きましょう。

●例文
あなたは文章を書いているとき、「もっと語彙力があればなあ・・・」と肩を落としたことはありませんか？


また、上記の「話し言葉」はあくまでも、感情を伝えるひとつの方法です。
話し言葉を使わずとも、文賢の【文章表現】機能を使えば、感情の伝わる文章に仕上げることは難しくありません。

たとえば、文賢の【文章表現】機能には、「好き」という感情を表すための表現がたくさん用意されています。


●文章表現の例
・笑顔を抑えきれない
・うれしそうな顔をほこらばせる
・相手のことで頭が一杯になる
・ハートを射貫かれる
・嬉しすぎて鳥肌が立つ
・語り始めると止まらない
・うれしすぎて大声で叫びたくなる
・心が奪われるほどの


文賢の【文章表現】機能はあくまでも、ひとつの感情表現を取り上げたものです。
あなたなりの感情表現を考えてみてくださいね。",,,貼り付けられたHTMLソース / チェックリスト画面,,貼り付けられたHTMLソース / チェックリスト画面,,,,,既存辞書ルール。keywordを文字列一致または安全にエスケープした正規表現として検出する。,HTMLソース・既存JSONから取得。
181,チェックリスト,manual_checklist,True,わかりやすさのチェックリスト,info,manual,False,,,,,取り上げている情報は信頼できるものですか？ウェブや書籍から情報を引用したり、参考にしたりする場合は「出典」を明記しましたか？,,取り上げている情報は信頼できるものですか？ウェブや書籍から情報を引用したり、参考にしたりする場合は「出典」を明記しましたか？,"わかりやすい文章を書けば書くほど、その情報が相手にストレートに伝わりやすくなります。
そして、それと同時に、情報を伝える側の責任もよりいっそう強くなります。

よって、何かの情報を取り上げる場合は、その情報が信頼できるものかを確認しましょう。
また、ウェブや書籍から情報を引用したり、参考にしたりする場合は、出典を明記しましょう。

ちなみに、引用する際は、以下のルールを守るようにしてください。

▼引用のルール
1．オリジナル部分と引用部分の主従関係が明確であり、引用されている文章や画像は、あくまでもオリジナル部分を補足する程度である
2．オリジナル部分と引用部分の区別がハッキリしている
3．引用する必要性がある
4．出典元を明記している
5．改変せずにそのまま引用している


上記の引用のルールに当てはまるケースや、著作者からの許可をとっているケースを除き、他者の文章や画像を許可なく転載すると、著作権侵害となる可能性があります。
とくに「歌詞の掲載」や「要約」などには注意しましょう。

●ブログへの歌詞掲載について（JASRAC）
https://www.jasrac.or.jp/info/network/pickup/blog.html

●最新のベストセラー小説のあらすじを書いて、ホームページに掲載することは、著作権者に断りなく行えますか？（文化庁）
https://pf.bunka.go.jp/chosaku/chosakuken/naruhodo/answer.asp?Q_ID=0000338",,,貼り付けられたHTMLソース / チェックリスト画面,,貼り付けられたHTMLソース / チェックリスト画面,,,,,既存辞書ルール。keywordを文字列一致または安全にエスケープした正規表現として検出する。,HTMLソース・既存JSONから取得。
182,チェックリスト,manual_checklist,True,公に発信する際に注意すべきチェックリスト,info,manual,False,,,,,「あなたのことをよく知らない人」が読んだときに、誤解を与える内容ではありませんか？,,「あなたのことをよく知らない人」が読んだときに、誤解を与える内容ではありませんか？,"インターネット上では、あなたのことをよく知らない人が、あなたの文章を読む場合があります。
「こう書いておけばよかった・・・」「あれも書いておけばよかった・・・」と後悔しないよう、誤解されるような書き方になっていないか、足りない情報がないかを注意しましょう。",,,貼り付けられたHTMLソース / チェックリスト画面,,貼り付けられたHTMLソース / チェックリスト画面,,,,,既存辞書ルール。keywordを文字列一致または安全にエスケープした正規表現として検出する。,HTMLソース・既存JSONから取得。
183,チェックリスト,manual_checklist,True,公に発信する際に注意すべきチェックリスト,info,manual,False,,,,,「過去に投稿した内容」との「一貫性」は問題ありませんか？,,「過去に投稿した内容」との「一貫性」は問題ありませんか？,"あなたの意見や価値観が、過去に投稿された記事やツイートと異なっている場合、一貫性がない人だと非難されるケースがあります。
もしかすると、誰かがあなたの昔からの投稿をずっと読み続けているかもしれません。
よって、あなたの意見や価値観に変化が起きたのであれば、「なぜ意見が変わったのか？」という理由や「いつ頃から変わったのか？」という時期を具体的に示しておきましょう。

（例：●●という理由で考え方が変わった。書籍を読み終えてから視点が変わった etc･･･）",,,貼り付けられたHTMLソース / チェックリスト画面,,貼り付けられたHTMLソース / チェックリスト画面,,,,,既存辞書ルール。keywordを文字列一致または安全にエスケープした正規表現として検出する。,HTMLソース・既存JSONから取得。
184,チェックリスト,manual_checklist,True,公に発信する際に注意すべきチェックリスト,info,manual,False,,,,,今日は誰かにとってセンシティブな日のため、投稿を「自重したほうがよい日」ではありませんか？,,今日は誰かにとってセンシティブな日のため、投稿を「自重したほうがよい日」ではありませんか？,"記事やツイートを投稿する場合、投稿するタイミングは大切です。
たとえば、今日が誰かにとって「センシティブ」な日でないかを確認しておきましょう。
もし、その日の過去に大きな事故や災害などが起きているのであれば、同じ日に陽気な投稿をしてしまうと「空気が読めない人」と非難されるケースがあります。
よって、その日「どんなことが話題になっているか？」をSNSやニュースで常にチェックしておくことをオススメします。
（Googleニュースで「今日が何の日か？」と検索しておくと安心です）
https://www.google.com/search?q=%E4%BB%8A%E6%97%A5%E3%81%AF%E4%BD%95%E3%81%AE%E6%97%A5&tbm=nws",,,貼り付けられたHTMLソース / チェックリスト画面,,貼り付けられたHTMLソース / チェックリスト画面,,,,,既存辞書ルール。keywordを文字列一致または安全にエスケープした正規表現として検出する。,HTMLソース・既存JSONから取得。
185,チェックリスト,manual_checklist,True,公に発信する際に注意すべきチェックリスト,info,manual,False,,,,,「LGBT」など、多様な愛や性の在り方に配慮できていますか？,,「LGBT」など、多様な愛や性の在り方に配慮できていますか？,"世の中には、多様な価値観があり、とくに愛や性の在り方には様々な形があります。
LGBT（レズビアン、ゲイ、バイセクシュアル、トランスジェンダー）といった方々にも配慮した文章を意識しましょう。

●多様な性について考えよう（法務省）
http://www.moj.go.jp/JINKEN/LGBT/index.html",,,貼り付けられたHTMLソース / チェックリスト画面,,貼り付けられたHTMLソース / チェックリスト画面,,,,,既存辞書ルール。keywordを文字列一致または安全にエスケープした正規表現として検出する。,HTMLソース・既存JSONから取得。
186,チェックリスト,manual_checklist,True,公に発信する際に注意すべきチェックリスト,info,manual,False,,,,,その内容は「パワハラ」や「セクハラ」だと受け取られるものではないですか？,,その内容は「パワハラ」や「セクハラ」だと受け取られるものではないですか？,"あなたの会社では問題ないような制度や日常的なやりとりが、外部からは見え方次第で「パワハラ」「セクハラ」だと誤解されたり、非難されることがあります。
働き方に関する投稿はとくにセンシティブですので気をつけましょう。",,,貼り付けられたHTMLソース / チェックリスト画面,,貼り付けられたHTMLソース / チェックリスト画面,,,,,既存辞書ルール。keywordを文字列一致または安全にエスケープした正規表現として検出する。,HTMLソース・既存JSONから取得。
187,チェックリスト,manual_checklist,True,公に発信する際に注意すべきチェックリスト,info,manual,False,,,,,いたずらに煽（あお）っていませんか？ただ読み手を不安にさせて放置していませんか？,,いたずらに煽（あお）っていませんか？ただ読み手を不安にさせて放置していませんか？,"読み手を不必要に不安にさせるような文章は、多くの方にシェアされやすく、「煽動（せんどう）」という行為につながる恐れがあります。
読み手が不安になりそうな文章を書く際には、「その不安をなくすためにはどのようにすればいいのか？」といった具体的な対策や考えを添えるようにしましょう。
たとえば、年長者の方が、若い人たちの未来を不安にさせるような主張をする際には注意が必要です。",,,貼り付けられたHTMLソース / チェックリスト画面,,貼り付けられたHTMLソース / チェックリスト画面,,,,,既存辞書ルール。keywordを文字列一致または安全にエスケープした正規表現として検出する。,HTMLソース・既存JSONから取得。
188,チェックリスト,manual_checklist,True,公に発信する際に注意すべきチェックリスト,info,manual,False,,,,,「統計データ」を扱う場合は、その情報が正しいかを検証しましたか？,,「統計データ」を扱う場合は、その情報が正しいかを検証しましたか？,"統計データを扱う際は、そのデータが最新のものか？信頼できる人たちが導き出したデータか？調査方法に問題はないか？を調べておきましょう。
間違った統計データを用いると、間違った主張につながり、結果的に大炎上につながる恐れがあります。
もし、その統計データの信頼性に不安を感じるのであれば、専門家やデータサイエンティストなど識者の意見を聞いたほうがよいでしょう。",,,貼り付けられたHTMLソース / チェックリスト画面,,貼り付けられたHTMLソース / チェックリスト画面,,,,,既存辞書ルール。keywordを文字列一致または安全にエスケープした正規表現として検出する。,HTMLソース・既存JSONから取得。
189,チェックリスト,manual_checklist,True,公に発信する際に注意すべきチェックリスト,info,manual,False,,,,,誰かを取り上げる際は、その人の「プライバシー」に配慮していますか？,,誰かを取り上げる際は、その人の「プライバシー」に配慮していますか？,"肩書きや会社名、写真だけでも、その人が誰かを特定できてしまう時代です。
匿名でも他者について公の場で取り上げる際は、その人が特定される可能性があることを考えておきましょう。

また、個人を特定できる情報を公開する際は、本人の許可をもらった上で「許可をもらっている」とわかるようにして投稿しましょう。
「許可をもらっている」と書いておかないと、まわりの人が「許可をもらって公表しているのだろうか？」と不安になってしまいます。",,,貼り付けられたHTMLソース / チェックリスト画面,,貼り付けられたHTMLソース / チェックリスト画面,,,,,既存辞書ルール。keywordを文字列一致または安全にエスケープした正規表現として検出する。,HTMLソース・既存JSONから取得。
190,チェックリスト,manual_checklist,True,公に発信する際に注意すべきチェックリスト,info,manual,False,,,,,「著作権」を侵害していませんか？,,「著作権」を侵害していませんか？,"他者の文章や画像を許可なく転載すると、著作権侵害になる恐れがあります。
とくに「歌詞の掲載」や「要約」などは注意しましょう。

●ブログへの歌詞掲載について（JASRAC）
https://www.jasrac.or.jp/info/network/pickup/blog.html

●最新のベストセラー小説のあらすじを書いて、ホームページに掲載することは、著作権者に断りなく行えますか？（文化庁）
https://pf.bunka.go.jp/chosaku/chosakuken/naruhodo/answer.asp?Q_ID=0000338


ただし、以下のルールを守って「引用」する場合や、許可を得ている場合などは、著作権侵害には当たりません。

▼引用のルール
1．オリジナル部分と引用部分の主従関係が明確であり、引用されている文章や画像は、あくまでもオリジナル部分を補足する程度である

2．オリジナル部分と引用部分の区別がハッキリしている

3．引用する必要性がある

4．出典元を明記している

5．改変せずにそのまま引用している",,,貼り付けられたHTMLソース / チェックリスト画面,,貼り付けられたHTMLソース / チェックリスト画面,,,,,既存辞書ルール。keywordを文字列一致または安全にエスケープした正規表現として検出する。,HTMLソース・既存JSONから取得。
191,チェックリスト,manual_checklist,True,公に発信する際に注意すべきチェックリスト,info,manual,False,,,,,お詫びの内容があるとしたら、誠意が伝わる内容になっていますか？,,お詫びの内容があるとしたら、誠意が伝わる内容になっていますか？,"お詫びは誠意が伝わることが大事です。
お詫びをする際は、以下の点を意識しておきましょう。

1．「相手も悪い」という書き方を極力しない
「誤解を招いたなら」「気を悪くされたなら」といった表現は、「自分には悪気がなかったが、相手が怒っているので仕方なく謝罪する」という雰囲気がでてしまうので要注意です。

2．「？」や「！」といった記号を使わない
「いかがでしょうか？」や「大丈夫でしょうか！？」のように「？」や「！」を使ってしまうと、お詫び文が軽い印象になってしまうため、使わないようにしましょう。

3．中途半端なお詫び表現より、しっかりお詫びをしたほうがよい
「申し訳ございません」より「誠に申し訳ございません」や「本当に申し訳ございません」としたほうが、申し訳ないという気持ちがより伝わります。

4．問題の原因と対策を書く
問題が起こった原因と対策を具体的に書きましょう。
「なぜこのような問題が起こったのか？」「再発を防ぐために今後どのような対策を講じるのか？」をハッキリと伝えると、安心感や納得感が生まれます。",,,貼り付けられたHTMLソース / チェックリスト画面,,貼り付けられたHTMLソース / チェックリスト画面,,,,,既存辞書ルール。keywordを文字列一致または安全にエスケープした正規表現として検出する。,HTMLソース・既存JSONから取得。
192,ルール校正,proofreading,True,誤字脱字,error,exact,True,こんにちわ;よろしくお願いしmす,こんにちわ|よろしくお願いしmす,こんにちは;よろしくお願いします,,誤字脱字を検出する,表記の誤りやタイプミスの可能性があります。,表記の誤りやタイプミスの可能性があります。,「こんにちわ」「よろしくお願いしmす」など、表記の誤りやタイプミスの可能性がある箇所を指摘します。,こんにちわ→こんにちは / よろしくお願いしmす→よろしくお願いします,,image(69).png / ルール校正・ルール推敲カテゴリ画面,https://help.bun-ken.net/check-tool-detail/,文賢公式ヘルプURL + 添付キャプチャ,,,True,True,detection_type=exact として検出エンジン側で処理。文賢画面で初期OFFの項目も、このデータでは enabled=true として動作対象にしている。必要ならUIトグルで制御する。,文賢公式ヘルプURLと添付キャプチャからカテゴリを抽出し、Chrome拡張で検出しやすい形に再設計。
193,ルール校正,proofreading,True,誤用しやすい言葉,warning,exact,True,役不足;確信犯;敷居が高い;琴線に触れる;失笑;姑息;すべからく,役不足|確信犯|敷居が高い|琴線に触れる|失笑|姑息|すべからく,文脈に合う意味か確認,,誤用しやすい言葉を検出する,誤った意味で使われやすい言葉です。文脈に合っているか確認してください。,誤った意味で使われやすい言葉です。文脈に合っているか確認してください。,「役不足」や「確信犯」など、誤った意味で使われることの多い言葉や表現を指摘します。,役不足 / 確信犯,,image(69).png / ルール校正・ルール推敲カテゴリ画面,https://help.bun-ken.net/check-tool-detail/,文賢公式ヘルプURL + 添付キャプチャ,,,True,True,detection_type=exact として検出エンジン側で処理。文賢画面で初期OFFの項目も、このデータでは enabled=true として動作対象にしている。必要ならUIトグルで制御する。,文賢公式ヘルプURLと添付キャプチャからカテゴリを抽出し、Chrome拡張で検出しやすい形に再設計。
194,ルール校正,proofreading,True,機種依存文字,warning,regex,True,,[①②③④⑤⑥⑦⑧⑨⑩⑪⑫⑬⑭⑮⑯⑰⑱⑲⑳ⅠⅡⅢⅣⅤⅥⅦⅧⅨⅩ㍉㌔㌢㍍㌘㌧㌃㌶㍑㍗㌍㌦㌣㌫㍊㌻㎜㎝㎞㎎㎏㏄㎡㈱㈲㈹㊤㊥㊦㊧㊨№℡],環境依存しない表記,,機種依存文字を検出する,機種依存文字の可能性があります。文字化けしない表記に置き換えてください。,機種依存文字の可能性があります。文字化けしない表記に置き換えてください。,特定のデバイスや環境で文字化けの原因となる、機種依存文字を指摘します。,① / ㈱ / Ⅰ / ㎝,,image(69).png / ルール校正・ルール推敲カテゴリ画面,https://help.bun-ken.net/check-tool-detail/,文賢公式ヘルプURL + 添付キャプチャ,,,True,True,detection_type=regex として検出エンジン側で処理。文賢画面で初期OFFの項目も、このデータでは enabled=true として動作対象にしている。必要ならUIトグルで制御する。,文賢公式ヘルプURLと添付キャプチャからカテゴリを抽出し、Chrome拡張で検出しやすい形に再設計。
195,ルール校正,proofreading,True,誤変換しやすい言葉,notice,exact,True,時季;時期;時機;以外;意外;対象;対照;体制;体勢;耐性,時季|時期|時機|以外|意外|対象|対照|体制|体勢|耐性,文脈に合う漢字か確認,,誤変換しやすい言葉を検出する,誤変換しやすい言葉です。文脈に合う漢字か確認してください。,誤変換しやすい言葉です。文脈に合う漢字か確認してください。,「時季／時期／時機」のように、意味が似ていて誤変換しやすい言葉を指摘します。,時季／時期／時機,,image(69).png / ルール校正・ルール推敲カテゴリ画面,https://help.bun-ken.net/check-tool-detail/,文賢公式ヘルプURL + 添付キャプチャ,,,True,True,detection_type=exact として検出エンジン側で処理。文賢画面で初期OFFの項目も、このデータでは enabled=true として動作対象にしている。必要ならUIトグルで制御する。,文賢公式ヘルプURLと添付キャプチャからカテゴリを抽出し、Chrome拡張で検出しやすい形に再設計。
196,ルール校正,proofreading,True,誤った言葉,error,exact,True,的を得る;とんでもありません;違和感を感じる;押しも押されぬ,的を得る|とんでもありません|違和感を感じる|押しも押されぬ,的を射る;とんでもないです;違和感がある;押しも押されもせぬ,,誤った言葉を検出する,日本語として誤り、または不自然な可能性があります。,日本語として誤り、または不自然な可能性があります。,「的を得る」や「とんでもありません」など、日本語として誤った言葉を指摘します。,的を得る→的を射る / とんでもありません→とんでもないです,,image(69).png / ルール校正・ルール推敲カテゴリ画面,https://help.bun-ken.net/check-tool-detail/,文賢公式ヘルプURL + 添付キャプチャ,,,True,True,detection_type=exact として検出エンジン側で処理。文賢画面で初期OFFの項目も、このデータでは enabled=true として動作対象にしている。必要ならUIトグルで制御する。,文賢公式ヘルプURLと添付キャプチャからカテゴリを抽出し、Chrome拡張で検出しやすい形に再設計。
197,ルール校正,proofreading,True,話し言葉,notice,regex,True,ちゃんと;ちょっと;やっぱり;すごく;めっちゃ,ちゃんと|ちょっと|やっぱり|すごく|めっちゃ|[られ]れる(?=。|、| |$)|てる(?=。|、| |$),書き言葉に調整,,話し言葉を検出する,話し言葉の可能性があります。媒体に合わせて書き言葉へ調整してください。,話し言葉の可能性があります。媒体に合わせて書き言葉へ調整してください。,「ちゃんと」や「ちょっと」などの話し言葉、また「ら抜き言葉」や「い抜き言葉」を指摘します。,ちゃんと→きちんと / ちょっと→少し,,image(69).png / ルール校正・ルール推敲カテゴリ画面,https://help.bun-ken.net/check-tool-detail/,文賢公式ヘルプURL + 添付キャプチャ,,,True,True,detection_type=regex として検出エンジン側で処理。文賢画面で初期OFFの項目も、このデータでは enabled=true として動作対象にしている。必要ならUIトグルで制御する。,文賢公式ヘルプURLと添付キャプチャからカテゴリを抽出し、Chrome拡張で検出しやすい形に再設計。
198,ルール校正,proofreading,True,差別語・不快語,critical,dictionary,True,,,中立的な表現,,差別語・不快語を検出する,読み手に不快感を与える可能性がある表現です。社内辞書に登録した語句を確認してください。,読み手に不快感を与える可能性がある表現です。社内辞書に登録した語句を確認してください。,使用すべきでない差別語や、読み手に不快感を与える可能性のある言葉を指摘します。具体語は社内運用に合わせて辞書登録してください。,社内NGワード辞書で管理,,image(69).png / ルール校正・ルール推敲カテゴリ画面,https://help.bun-ken.net/check-tool-detail/,文賢公式ヘルプURL + 添付キャプチャ,,,True,True,detection_type=dictionary として検出エンジン側で処理。文賢画面で初期OFFの項目も、このデータでは enabled=true として動作対象にしている。必要ならUIトグルで制御する。,文賢公式ヘルプURLと添付キャプチャからカテゴリを抽出し、Chrome拡張で検出しやすい形に再設計。
199,ルール校正,proofreading,True,さ入れ表現,warning,exact,True,読まさせる;聞かさせる;行かさせる;書かさせる;取らさせる,読まさせる|聞かさせる|行かさせる|書かさせる|取らさせる,読ませる;聞かせる;行かせる;書かせる;取らせる,,さ入れ表現を検出する,さ入れ表現の可能性があります。,さ入れ表現の可能性があります。,「読まさせる」や「聞かさせる」などの、さ入れ表現を指摘します。,読まさせる→読ませる,,image(69).png / ルール校正・ルール推敲カテゴリ画面,https://help.bun-ken.net/check-tool-detail/,文賢公式ヘルプURL + 添付キャプチャ,,,False,False,detection_type=exact として検出エンジン側で処理。文賢画面で初期OFFの項目も、このデータでは enabled=true として動作対象にしている。必要ならUIトグルで制御する。,文賢公式ヘルプURLと添付キャプチャからカテゴリを抽出し、Chrome拡張で検出しやすい形に再設計。
200,ルール校正,proofreading,True,誤った敬語,error,exact,True,仰られる;お話になられる;参られます;ご持参ください;拝見させていただく,仰られる|お話になられる|参られます|ご持参ください|拝見させていただく,おっしゃる;お話しになる;いらっしゃいます;お持ちください;拝見します,,誤った敬語を検出する,二重敬語または誤った敬語の可能性があります。,二重敬語または誤った敬語の可能性があります。,「仰られる」「お話になられる」などの二重敬語や、「参られます」「ご持参ください」などの誤った敬語を指摘します。,仰られる→おっしゃる / ご持参ください→お持ちください,,image(69).png / ルール校正・ルール推敲カテゴリ画面,https://help.bun-ken.net/check-tool-detail/,文賢公式ヘルプURL + 添付キャプチャ,,,True,True,detection_type=exact として検出エンジン側で処理。文賢画面で初期OFFの項目も、このデータでは enabled=true として動作対象にしている。必要ならUIトグルで制御する。,文賢公式ヘルプURLと添付キャプチャからカテゴリを抽出し、Chrome拡張で検出しやすい形に再設計。
201,ルール校正,proofreading,True,重複表現,warning,exact,True,一番最初;後で後悔する;まず最初に;必ず必要;過半数を超える;あらかじめ予約,一番最初|後で後悔する|まず最初に|必ず必要|過半数を超える|あらかじめ予約,最初;後悔する;最初に;必要;過半数になる;予約,,重複表現を検出する,意味が重複している可能性があります。,意味が重複している可能性があります。,「一番最初」や「後で後悔する」など、意味が重複している表現を指摘します。,一番最初→最初 / 後で後悔する→後悔する,,image(69).png / ルール校正・ルール推敲カテゴリ画面,https://help.bun-ken.net/check-tool-detail/,文賢公式ヘルプURL + 添付キャプチャ,,,True,True,detection_type=exact として検出エンジン側で処理。文賢画面で初期OFFの項目も、このデータでは enabled=true として動作対象にしている。必要ならUIトグルで制御する。,文賢公式ヘルプURLと添付キャプチャからカテゴリを抽出し、Chrome拡張で検出しやすい形に再設計。
202,ルール校正,proofreading,True,ポリティカル・コレクトネス,warning,exact,True,ビジネスマン;看護婦;保母;スチュワーデス;OL;サラリーマン,ビジネスマン|看護婦|保母|スチュワーデス|OL|サラリーマン,ビジネスパーソン;看護師;保育士;客室乗務員;会社員;会社員,,ポリティカル・コレクトネスに配慮が必要な語を検出する,性別や職業に関する固定観念を含む可能性があります。,性別や職業に関する固定観念を含む可能性があります。,「ビジネスマン」や「看護婦」など、性別や職業に関する固定観念や偏見を含む可能性のある言葉を指摘します。,ビジネスマン→ビジネスパーソン / 看護婦→看護師,,image(69).png / ルール校正・ルール推敲カテゴリ画面,https://help.bun-ken.net/check-tool-detail/,文賢公式ヘルプURL + 添付キャプチャ,,,True,True,detection_type=exact として検出エンジン側で処理。文賢画面で初期OFFの項目も、このデータでは enabled=true として動作対象にしている。必要ならUIトグルで制御する。,文賢公式ヘルプURLと添付キャプチャからカテゴリを抽出し、Chrome拡張で検出しやすい形に再設計。
203,ルール校正,proofreading,True,気をつけるべき商標と固有名詞,warning,exact,True,Youtube;youtube;iPhone;iphone;iphone;instagram;Instagram;Line;LINE,Youtube|youtube|iphone|ｉＰｈｏｎｅ|instagram|Line(?!株式会社),YouTube;iPhone;Instagram;LINE,,商標・固有名詞の表記揺れを検出する,正式名称・商標表記と異なる可能性があります。,正式名称・商標表記と異なる可能性があります。,「YouTube」を「Youtube」、「iPhone」を「iphone」といったように、正式名称で表記されていない固有名詞や商標を指摘します。,Youtube→YouTube / iphone→iPhone,,image(69).png / ルール校正・ルール推敲カテゴリ画面,https://help.bun-ken.net/check-tool-detail/,文賢公式ヘルプURL + 添付キャプチャ,,,True,True,detection_type=exact として検出エンジン側で処理。文賢画面で初期OFFの項目も、このデータでは enabled=true として動作対象にしている。必要ならUIトグルで制御する。,文賢公式ヘルプURLと添付キャプチャからカテゴリを抽出し、Chrome拡張で検出しやすい形に再設計。
204,ルール校正,proofreading,True,半角カタカナ,warning,regex,True,,[ｦ-ﾟ]+,全角カタカナ,,半角カタカナを検出する,半角カタカナが含まれています。全角カタカナへの統一を検討してください。,半角カタカナが含まれています。全角カタカナへの統一を検討してください。,読みにくさや文字化けの原因となる、半角カタカナを指摘します。,ﾁｪｯｸ→チェック,,image(69).png / ルール校正・ルール推敲カテゴリ画面,https://help.bun-ken.net/check-tool-detail/,文賢公式ヘルプURL + 添付キャプチャ,,,True,True,detection_type=regex として検出エンジン側で処理。文賢画面で初期OFFの項目も、このデータでは enabled=true として動作対象にしている。必要ならUIトグルで制御する。,文賢公式ヘルプURLと添付キャプチャからカテゴリを抽出し、Chrome拡張で検出しやすい形に再設計。
205,ルール推敲カテゴリ,review,True,接続語のハイライト,info,exact,True,しかし;また;さらに;そのため;したがって;一方;なお;ちなみに;ところが;つまり;たとえば;そして;では,しかし|また|さらに|そのため|したがって|一方|なお|ちなみに|ところが|つまり|たとえば|そして|では,文脈に合う接続語,,接続語をハイライトする,接続語です。同じ接続語の連続使用や論理関係を確認してください。,接続語です。同じ接続語の連続使用や論理関係を確認してください。,「しかし」や「また」などの接続語をハイライトします。同じ接続語が連続する場合は文章が単調になる可能性があります。,しかし / また / そのため,,image(69).png / ルール校正・ルール推敲カテゴリ画面,https://help.bun-ken.net/check-tool-detail/,文賢公式ヘルプURL + 添付キャプチャ,,,True,True,detection_type=exact として検出エンジン側で処理。文賢画面で初期OFFの項目も、このデータでは enabled=true として動作対象にしている。必要ならUIトグルで制御する。,文賢公式ヘルプURLと添付キャプチャからカテゴリを抽出し、Chrome拡張で検出しやすい形に再設計。
206,ルール推敲カテゴリ,review,True,接続助詞のハイライト,info,regex,True,が,が(?=、|，| |　|[^ぁ-んァ-ン一-龥]|$),文脈により「しかし」「一方」など,,接続助詞「が」をハイライトする,接続助詞「が」です。逆接以外で使っていないか確認してください。,接続助詞「が」です。逆接以外で使っていないか確認してください。,接続助詞の「が」をハイライトします。逆接以外の意味で使われると読み手が混乱する可能性があります。,〜ですが、 / 〜したが、,,image(69).png / ルール校正・ルール推敲カテゴリ画面,https://help.bun-ken.net/check-tool-detail/,文賢公式ヘルプURL + 添付キャプチャ,,,True,True,detection_type=regex として検出エンジン側で処理。文賢画面で初期OFFの項目も、このデータでは enabled=true として動作対象にしている。必要ならUIトグルで制御する。,文賢公式ヘルプURLと添付キャプチャからカテゴリを抽出し、Chrome拡張で検出しやすい形に再設計。
207,ルール推敲カテゴリ,review,True,指示語のハイライト,info,exact,True,これ;それ;あれ;この;その;あの;こちら;そちら;あちら;ここ;そこ;あそこ;こう;そう,これ|それ|あれ|この|その|あの|こちら|そちら|あちら|ここ|そこ|あそこ|こう|そう,具体的な名詞,,指示語をハイライトする,指示語です。何を指しているか前後の文脈で明確か確認してください。,指示語です。何を指しているか前後の文脈で明確か確認してください。,「それ」や「これ」などの指示語をハイライトし、具体的な表現へ書き換えられないか確認します。,これ / それ / その,,image(69).png / ルール校正・ルール推敲カテゴリ画面,https://help.bun-ken.net/check-tool-detail/,文賢公式ヘルプURL + 添付キャプチャ,,,True,True,detection_type=exact として検出エンジン側で処理。文賢画面で初期OFFの項目も、このデータでは enabled=true として動作対象にしている。必要ならUIトグルで制御する。,文賢公式ヘルプURLと添付キャプチャからカテゴリを抽出し、Chrome拡張で検出しやすい形に再設計。
208,ルール推敲カテゴリ,review,True,日付と数字のハイライト,info,regex,True,,"(?:\d{1,4}[年/-]\d{1,2}[月/-]\d{1,2}日?|\d{1,2}月\d{1,2}日|\d{1,3}(?:,\d{3})+|\d{3,})",数値・日付の確認,,日付と3桁以上の数字をハイライトする,日付または3桁以上の数字です。日時・金額・数量に誤りがないか確認してください。,日付または3桁以上の数字です。日時・金額・数量に誤りがないか確認してください。,"「3月6日」や「1,980円」などの日付や数字（3桁以上）をハイライトします。","3月6日 / 1,980円 / 1000",,image(69).png / ルール校正・ルール推敲カテゴリ画面,https://help.bun-ken.net/check-tool-detail/,文賢公式ヘルプURL + 添付キャプチャ,,,True,True,detection_type=regex として検出エンジン側で処理。文賢画面で初期OFFの項目も、このデータでは enabled=true として動作対象にしている。必要ならUIトグルで制御する。,文賢公式ヘルプURLと添付キャプチャからカテゴリを抽出し、Chrome拡張で検出しやすい形に再設計。
209,ルール推敲カテゴリ,review,True,記号が全角に統一されていない,notice,regex,True,,[\[\]\(\){}=+\-*#&%$!?;:],全角記号,,半角記号を検出する,半角記号が含まれています。全角記号への統一を検討してください。,半角記号が含まれています。全角記号への統一を検討してください。,[]や=など、文章内に含まれる半角記号を指摘し、全角への統一を促します。ただしメールやURL用の記号は除外推奨です。,[ ] / = / !,,image(69).png / ルール校正・ルール推敲カテゴリ画面,https://help.bun-ken.net/check-tool-detail/,文賢公式ヘルプURL + 添付キャプチャ,,,True,True,detection_type=regex として検出エンジン側で処理。文賢画面で初期OFFの項目も、このデータでは enabled=true として動作対象にしている。必要ならUIトグルで制御する。,文賢公式ヘルプURLと添付キャプチャからカテゴリを抽出し、Chrome拡張で検出しやすい形に再設計。
210,ルール推敲カテゴリ,review,True,英数字が半角に統一されていない,notice,regex,True,,[Ａ-Ｚａ-ｚ０-９]+,半角英数字,,全角英数字を検出する,全角英数字が含まれています。半角英数字への統一を検討してください。,全角英数字が含まれています。半角英数字への統一を検討してください。,「Ａ」や「１」など、文章内に含まれる全角英数字を指摘し、半角への統一を促します。,ＡＢＣ→ABC / １２３→123,,image(69).png / ルール校正・ルール推敲カテゴリ画面,https://help.bun-ken.net/check-tool-detail/,文賢公式ヘルプURL + 添付キャプチャ,,,True,True,detection_type=regex として検出エンジン側で処理。文賢画面で初期OFFの項目も、このデータでは enabled=true として動作対象にしている。必要ならUIトグルで制御する。,文賢公式ヘルプURLと添付キャプチャからカテゴリを抽出し、Chrome拡張で検出しやすい形に再設計。
211,ルール推敲カテゴリ,review,True,体言止めのハイライト,info,heuristic,True,,(?<!です)(?<!ます)(?<!だ)(?<!である)[一-龥ぁ-んァ-ンー]+(?=。|$),文末を述語で閉じる,,体言止めをハイライトする,体言止めの可能性があります。多用していないか確認してください。,体言止めの可能性があります。多用していないか確認してください。,文末が体言（名詞や代名詞）の場合にハイライトします。多用すると読みにくくなる可能性があります。,本日のテーマは売上改善。,,image(69).png / ルール校正・ルール推敲カテゴリ画面,https://help.bun-ken.net/check-tool-detail/,文賢公式ヘルプURL + 添付キャプチャ,,,True,True,detection_type=heuristic として検出エンジン側で処理。文賢画面で初期OFFの項目も、このデータでは enabled=true として動作対象にしている。必要ならUIトグルで制御する。,文賢公式ヘルプURLと添付キャプチャからカテゴリを抽出し、Chrome拡張で検出しやすい形に再設計。
212,ルール推敲カテゴリ,review,True,1文に読点が4つ以上ある,warning,sentence_metric,True,,comma_count>=4,文を分割する,,1文に読点が4つ以上ある文を検出する,1文の中に読点が4つ以上あります。文を分けることを検討してください。,1文の中に読点が4つ以上あります。文を分けることを検討してください。,一文に読点（、）が4つ以上含まれる場合に指摘します。読点が多い文は冗長で主旨がわかりにくい可能性があります。,、が4個以上ある文,,image(69).png / ルール校正・ルール推敲カテゴリ画面,https://help.bun-ken.net/check-tool-detail/,文賢公式ヘルプURL + 添付キャプチャ,,,True,True,detection_type=sentence_metric として検出エンジン側で処理。文賢画面で初期OFFの項目も、このデータでは enabled=true として動作対象にしている。必要ならUIトグルで制御する。,文賢公式ヘルプURLと添付キャプチャからカテゴリを抽出し、Chrome拡張で検出しやすい形に再設計。
213,ルール推敲カテゴリ,review,True,50文字以上の文に読点がない,warning,sentence_metric,True,,sentence_length>=50 AND comma_count==0,適切な位置に読点を入れる,,50文字以上で読点がない文を検出する,50文字以上の文に読点がありません。読みやすい位置で区切ることを検討してください。,50文字以上の文に読点がありません。読みやすい位置で区切ることを検討してください。,読点（、）を打たずに、50文字以上続いている場合に指摘します。,50文字以上かつ「、」がない文,,image(69).png / ルール校正・ルール推敲カテゴリ画面,https://help.bun-ken.net/check-tool-detail/,文賢公式ヘルプURL + 添付キャプチャ,,,True,True,detection_type=sentence_metric として検出エンジン側で処理。文賢画面で初期OFFの項目も、このデータでは enabled=true として動作対象にしている。必要ならUIトグルで制御する。,文賢公式ヘルプURLと添付キャプチャからカテゴリを抽出し、Chrome拡張で検出しやすい形に再設計。
214,ルール推敲カテゴリ,review,True,主述関係が不明瞭,notice,heuristic,True,,sentence_length>=80 OR modifier_chain>=3,主語と述語を近づける,,主述関係が不明瞭な可能性を検出する,主述関係が不明瞭な可能性があります。主語と述語の距離を確認してください。,主述関係が不明瞭な可能性があります。主語と述語の距離を確認してください。,主語と述語、修飾語と被修飾語など、係り受けがわかりにくい可能性のある場合に指摘します。,主語と述語が離れている長文,,image(69).png / ルール校正・ルール推敲カテゴリ画面,https://help.bun-ken.net/check-tool-detail/,文賢公式ヘルプURL + 添付キャプチャ,,,False,True,detection_type=heuristic として検出エンジン側で処理。文賢画面で初期OFFの項目も、このデータでは enabled=true として動作対象にしている。必要ならUIトグルで制御する。,文賢公式ヘルプURLと添付キャプチャからカテゴリを抽出し、Chrome拡張で検出しやすい形に再設計。
215,ルール推敲カテゴリ,review,True,一文が100文字以上ある,warning,sentence_metric,True,,sentence_length>=100,文を分割する,,一文が100文字以上ある文を検出する,一文が100文字以上あります。文を分けることを検討してください。,一文が100文字以上あります。文を分けることを検討してください。,一文が100文字以上ある場合に指摘します。長い文は冗長で読みにくい可能性があります。,100文字以上の文,,image(69).png / ルール校正・ルール推敲カテゴリ画面,https://help.bun-ken.net/check-tool-detail/,文賢公式ヘルプURL + 添付キャプチャ,,,True,True,detection_type=sentence_metric として検出エンジン側で処理。文賢画面で初期OFFの項目も、このデータでは enabled=true として動作対象にしている。必要ならUIトグルで制御する。,文賢公式ヘルプURLと添付キャプチャからカテゴリを抽出し、Chrome拡張で検出しやすい形に再設計。
216,ルール推敲カテゴリ,review,True,句点や記号のあとに改行がない,notice,regex,True,,[。！？](?=[^\n」』）]),句点・記号のあとで改行,,句点・記号の直後に改行がない箇所を検出する,句点や記号のあとに改行がありません。Web向け文章では改行を検討してください。,句点や記号のあとに改行がありません。Web向け文章では改行を検討してください。,句点（。）や記号（！）の直後に改行が入っていない箇所を指摘します。,。次の文 / ！次の文,,image(69).png / ルール校正・ルール推敲カテゴリ画面,https://help.bun-ken.net/check-tool-detail/,文賢公式ヘルプURL + 添付キャプチャ,,,False,False,detection_type=regex として検出エンジン側で処理。文賢画面で初期OFFの項目も、このデータでは enabled=true として動作対象にしている。必要ならUIトグルで制御する。,文賢公式ヘルプURLと添付キャプチャからカテゴリを抽出し、Chrome拡張で検出しやすい形に再設計。
217,ルール推敲カテゴリ,review,True,句点や記号以外で改行している,notice,regex,True,,[^。！？\n]\n[^\n],句点・記号の位置で改行,,文の途中での改行を検出する,句点や記号以外で改行している可能性があります。文の途中で不自然に切れていないか確認してください。,句点や記号以外で改行している可能性があります。文の途中で不自然に切れていないか確認してください。,句点（。）や記号（！）以外で改行している場合に指摘します。ただし見出しや箇条書きは除外推奨です。,"文の途中
で改行",,image(69).png / ルール校正・ルール推敲カテゴリ画面,https://help.bun-ken.net/check-tool-detail/,文賢公式ヘルプURL + 添付キャプチャ,,,False,False,detection_type=regex として検出エンジン側で処理。文賢画面で初期OFFの項目も、このデータでは enabled=true として動作対象にしている。必要ならUIトグルで制御する。,文賢公式ヘルプURLと添付キャプチャからカテゴリを抽出し、Chrome拡張で検出しやすい形に再設計。
218,ルール推敲カテゴリ,review,True,表記揺れ,warning,sequence,True,WEB;Web;ウェブ;犬;いぬ;イヌ;Email;Eメール;メール,alias_groups: WEB/Web/ウェブ|犬/いぬ/イヌ|Email/Eメール/メール,表記を統一,,表記揺れを検出する,表記揺れの可能性があります。同じ意味の語の表記を統一してください。,表記揺れの可能性があります。同じ意味の語の表記を統一してください。,同じ意味の言葉について表記が混在している状態を指摘します。,WEB／Web／ウェブ、いぬ／犬／イヌ,,image(69).png / ルール校正・ルール推敲カテゴリ画面,https://help.bun-ken.net/check-tool-detail/,文賢公式ヘルプURL + 添付キャプチャ,,,True,True,detection_type=sequence として検出エンジン側で処理。文賢画面で初期OFFの項目も、このデータでは enabled=true として動作対象にしている。必要ならUIトグルで制御する。,文賢公式ヘルプURLと添付キャプチャからカテゴリを抽出し、Chrome拡張で検出しやすい形に再設計。
219,ルール推敲カテゴリ,review,True,冗長な表現,warning,exact,True,ということがわかる;することができる;することが可能;という形になります;する必要があります;していきたいと思います,ということがわかる|することができる|することが可能|という形になります|する必要があります|していきたいと思います,簡潔な表現,,冗長な表現を検出する,冗長な表現の可能性があります。より短く書けないか確認してください。,冗長な表現の可能性があります。より短く書けないか確認してください。,「～ということがわかる」「～することができる」など、より簡潔に書き換えられる可能性のある表現を指摘します。,することができる→できる,,image(69).png / ルール校正・ルール推敲カテゴリ画面,https://help.bun-ken.net/check-tool-detail/,文賢公式ヘルプURL + 添付キャプチャ,,,True,True,detection_type=exact として検出エンジン側で処理。文賢画面で初期OFFの項目も、このデータでは enabled=true として動作対象にしている。必要ならUIトグルで制御する。,文賢公式ヘルプURLと添付キャプチャからカテゴリを抽出し、Chrome拡張で検出しやすい形に再設計。
220,ルール推敲カテゴリ,review,True,過剰な丁寧語,notice,heuristic,True,お;ご,"(お[^、。]{0,12}){3,}|(ご[^、。]{0,12}){3,}",敬語を整理する,,過剰な丁寧語を検出する,一文の中で丁寧語が多い可能性があります。冗長になっていないか確認してください。,一文の中で丁寧語が多い可能性があります。冗長になっていないか確認してください。,敬語表現で、接頭語の「お」や「ご」を多用している場合に指摘します。,お申し込みのお手続きのお知らせ,,image(69).png / ルール校正・ルール推敲カテゴリ画面,https://help.bun-ken.net/check-tool-detail/,文賢公式ヘルプURL + 添付キャプチャ,,,False,False,detection_type=heuristic として検出エンジン側で処理。文賢画面で初期OFFの項目も、このデータでは enabled=true として動作対象にしている。必要ならUIトグルで制御する。,文賢公式ヘルプURLと添付キャプチャからカテゴリを抽出し、Chrome拡張で検出しやすい形に再設計。
221,ルール推敲カテゴリ,review,True,二重否定表現,notice,regex,True,ないこともない;なくはない;ないわけではない;ないとは言えない,ないこともない|なくはない|ないわけではない|ないとは言えない,肯定表現,,二重否定表現を検出する,二重否定表現です。肯定表現に書き換えると伝わりやすくなる場合があります。,二重否定表現です。肯定表現に書き換えると伝わりやすくなる場合があります。,「～しないこともない」のような二重否定表現を指摘します。,できないこともない→できる場合がある,,image(69).png / ルール校正・ルール推敲カテゴリ画面,https://help.bun-ken.net/check-tool-detail/,文賢公式ヘルプURL + 添付キャプチャ,,,True,True,detection_type=regex として検出エンジン側で処理。文賢画面で初期OFFの項目も、このデータでは enabled=true として動作対象にしている。必要ならUIトグルで制御する。,文賢公式ヘルプURLと添付キャプチャからカテゴリを抽出し、Chrome拡張で検出しやすい形に再設計。
222,ルール推敲カテゴリ,review,True,形容詞＋です,notice,regex,True,,(嬉しい|うれしい|悲しい|楽しい|美しい|難しい|良い|よい|悪い|高い|低い|大きい|小さい|多い|少ない)です,形容詞＋ございます／別表現,,形容詞＋ですを検出する,「形容詞＋です」の表現です。書き言葉では稚拙な印象にならないか確認してください。,「形容詞＋です」の表現です。書き言葉では稚拙な印象にならないか確認してください。,「うれしいです」や「悲しいです」など、文末が「形容詞＋です」になっている場合に指摘します。,うれしいです / 難しいです,,image(69).png / ルール校正・ルール推敲カテゴリ画面,https://help.bun-ken.net/check-tool-detail/,文賢公式ヘルプURL + 添付キャプチャ,,,False,False,detection_type=regex として検出エンジン側で処理。文賢画面で初期OFFの項目も、このデータでは enabled=true として動作対象にしている。必要ならUIトグルで制御する。,文賢公式ヘルプURLと添付キャプチャからカテゴリを抽出し、Chrome拡張で検出しやすい形に再設計。
223,ルール推敲カテゴリ,review,True,同じ助詞の連続使用,warning,sequence,True,の;が;を;に;で;と,same_particle_count>=3 within_sentence,助詞・語順を調整,,同じ助詞の連続使用を検出する,同じ助詞が連続して使われています。読みにくくないか確認してください。,同じ助詞が連続して使われています。読みにくくないか確認してください。,「の」や「が」など、同じ助詞が連続していることで読みにくくなっている文を指摘します。,当社の新商品の開発の進捗報告,,image(69).png / ルール校正・ルール推敲カテゴリ画面,https://help.bun-ken.net/check-tool-detail/,文賢公式ヘルプURL + 添付キャプチャ,,,True,True,detection_type=sequence として検出エンジン側で処理。文賢画面で初期OFFの項目も、このデータでは enabled=true として動作対象にしている。必要ならUIトグルで制御する。,文賢公式ヘルプURLと添付キャプチャからカテゴリを抽出し、Chrome拡張で検出しやすい形に再設計。
224,ルール推敲カテゴリ,review,True,同じ文末表現の連続使用,warning,sequence,True,です;ます;します;ました;でしょう,same_sentence_ending>=3 consecutive,文末表現を分散,,同じ文末表現の連続使用を検出する,同じ文末表現が連続しています。単調になっていないか確認してください。,同じ文末表現が連続しています。単調になっていないか確認してください。,「～です」や「～します」など、同じ文末表現が連続して文章が単調になっている場合に指摘します。,です。です。です。,,image(69).png / ルール校正・ルール推敲カテゴリ画面,https://help.bun-ken.net/check-tool-detail/,文賢公式ヘルプURL + 添付キャプチャ,,,True,True,detection_type=sequence として検出エンジン側で処理。文賢画面で初期OFFの項目も、このデータでは enabled=true として動作対象にしている。必要ならUIトグルで制御する。,文賢公式ヘルプURLと添付キャプチャからカテゴリを抽出し、Chrome拡張で検出しやすい形に再設計。
225,ルール推敲カテゴリ,review,True,状況により使い分ける言葉,notice,exact,True,御社;貴社;お世話になっております;ご苦労様です;了解しました;各位様,御社|貴社|お世話になっております|ご苦労様です|了解しました|各位様,文脈に合う表現,,状況により使い分ける言葉を検出する,状況や相手との関係性によって使い分けが必要な言葉です。,状況や相手との関係性によって使い分けが必要な言葉です。,「御社」や「お世話になっております」など、状況や相手との関係性によって使い分けが必要な言葉を指摘します。,御社／貴社 / ご苦労様です,,image(69).png / ルール校正・ルール推敲カテゴリ画面,https://help.bun-ken.net/check-tool-detail/,文賢公式ヘルプURL + 添付キャプチャ,,,True,True,detection_type=exact として検出エンジン側で処理。文賢画面で初期OFFの項目も、このデータでは enabled=true として動作対象にしている。必要ならUIトグルで制御する。,文賢公式ヘルプURLと添付キャプチャからカテゴリを抽出し、Chrome拡張で検出しやすい形に再設計。
226,ルール推敲カテゴリ,review,True,ひらがなで書くほうがよい言葉,notice,dictionary,True,既存ルール推敲171項目を利用,use_existing_dictionary_category:ひらがなで書くほうがよい言葉,ひらがな表記,,ひらがなで書くほうがよい言葉を検出する,ひらがなで書くほうがよい可能性があります。,ひらがなで書くほうがよい可能性があります。,「上手く」や「繋がる」などの常用漢字表にない漢字や、ひらがなで書いたほうが読みやすい場合がある言葉を指摘します。,上手く→うまく / 繋がる→つながる,,image(69).png / ルール校正・ルール推敲カテゴリ画面,https://help.bun-ken.net/check-tool-detail/,文賢公式ヘルプURL + 添付キャプチャ,,,True,True,detection_type=dictionary として検出エンジン側で処理。文賢画面で初期OFFの項目も、このデータでは enabled=true として動作対象にしている。必要ならUIトグルで制御する。,文賢公式ヘルプURLと添付キャプチャからカテゴリを抽出し、Chrome拡張で検出しやすい形に再設計。
